TEMP_CULTURE,PH,DO,OD,CELL
-10.091194455540549,9.454787809690812,-0.6892157778071015,-0.9644278710674545,-0.9647489308162922
-5.949306148280966,9.63930309642725,-0.6892157778071015,-0.9308642971093918,-0.9297438452920517
-1.807417841021346,-0.4475325784982878,-0.7346639453083008,-0.8861128651653081,-0.8859874883867509
1.29899838942336,-1.5546242989169483,-0.6272410039418294,-0.8637371491932662,-0.8641093099341006
-0.7719457642064684,-0.38602748291947486,-0.6086485717822477,-0.8413614332212243,-0.8422311314814502
-0.7719457642064684,0.7210642374991802,-0.6086485717822477,-0.7854221432911197,-0.7853478675045593
-0.7719457642064684,-1.4931192033381355,-0.5817928364406301,-0.7742342853050987,-0.7744087782782342
1.29899838942336,-0.14000710060421756,-0.5714637074630846,-0.7518585693330568,-0.7525305998255839
-0.7719457642064684,-2.5387058281779775,-0.5632004042810485,-0.7406707113470359,-0.7415915105992587
-0.7719457642064684,-0.7550580563923636,-0.5094889335978123,-0.7406707113470359,-0.7415915105992587
1.29899838942336,0.5365489507627359,-0.48263319825619466,-0.7518585693330568,-0.7525305998255839
-0.7719457642064684,-1.370109012180504,-0.46404076609661304,-0.7630464273190778,-0.763469689051909
-0.7719457642064684,0.22902347286866567,-0.4020659922313409,-0.7854221432911197,-0.7853478675045593
0.2635263126084458,-1.370109012180504,-0.39173686325379536,-0.7854221432911197,-0.7853478675045593
-0.7719457642064684,-0.016996909446591636,-0.3648811279121777,-0.8189857172491823,-0.8181651351835348
0.2635263126084458,-1.6161293944957613,-0.33802539257055997,-0.7854221432911197,-0.7853478675045593
0.2635263126084458,-0.14000710060421756,-0.32976208938852386,-0.7854221432911197,-0.7853478675045593
-0.7719457642064684,-6.167506467328018,-0.42065842439092244,-0.7966100012771407,-0.7962869567308846
-0.7719457642064684,-4.814394364594101,-0.3111696572289423,-0.7742342853050987,-0.7744087782782342
1.29899838942336,-3.092251688387305,-0.26778731552325163,-0.7854221432911197,-0.7853478675045593
0.2635263126084458,-1.6776344900745743,-0.2574581865457062,-0.7854221432911197,-0.7853478675045593
-0.7719457642064684,0.04450818613222132,-0.2574581865457062,-0.7966100012771407,-0.7962869567308846
0.2635263126084458,-1.6776344900745743,-0.28431392188732385,-0.7966100012771407,-0.7962869567308846
0.2635263126084458,-0.2015121961830305,-0.27605061870528774,-0.7742342853050987,-0.7744087782782342
-0.7719457642064684,-1.3086039166016912,-0.27605061870528774,-0.7966100012771407,-0.7962869567308846
0.2635263126084458,-0.14000710060421756,-0.22233914802205237,-0.7854221432911197,-0.7853478675045593
0.2635263126084458,-1.6776344900745743,-0.23060245120408848,-0.7854221432911197,-0.7853478675045593
-0.7719457642064684,0.10601328171103974,-0.2120100190445069,-0.7854221432911197,-0.7853478675045593
1.29899838942336,-1.1240886298652468,-0.20374671586247006,-0.7742342853050987,-0.7744087782782342
0.2635263126084458,0.22902347286866567,-0.23060245120408848,-0.7742342853050987,-0.7744087782782342
-0.7719457642064684,-1.1855937254440596,-0.23060245120408848,-0.7742342853050987,-0.7744087782782342
-0.7719457642064684,0.47504385518392295,-0.26778731552325163,-0.7966100012771407,-0.7962869567308846
1.29899838942336,-0.9395733431288024,-0.27605061870528774,-0.7854221432911197,-0.7853478675045593
-0.7719457642064684,0.41353875960511,-0.32149878620648703,-0.8189857172491823,-0.8181651351835348
2.3344704662382374,-1.0625835342864338,-0.38347356007175926,-0.7966100012771407,-0.7962869567308846
1.29899838942336,0.1675183772898527,-0.455777462914577,-0.8301735752352033,-0.8291042244098601
-0.7719457642064684,-1.6161293944957613,-0.5363446689394308,-0.7966100012771407,-0.7962869567308846
0.2635263126084458,-0.38602748291947486,-0.5714637074630846,-0.8077978592631616,-0.8072260459572097
1.29899838942336,0.5980540463415543,-0.67062334564752,-0.8077978592631616,-0.8072260459572097
0.2635263126084458,-1.2470988210228782,-0.7615196806499193,-0.8413614332212243,-0.8422311314814502
-0.7719457642064684,-0.3245223873406619,-0.8689426220163908,-0.8637371491932662,-0.8641093099341006
1.29899838942336,0.10601328171103974,-1.0569327694077162,-0.8637371491932662,-0.8641093099341006
-0.7719457642064684,0.6595591419203674,-1.1106442400909515,-0.8749250071792871,-0.8750483991604258
1.29899838942336,-1.4931192033381355,-1.1478291044101148,-0.9084885811373499,-0.9078656668394013
-0.7719457642064684,-0.7550580563923636,-1.1560924075921515,-0.8973007231513289,-0.8969265776130761
-0.7719457642064684,-0.0785020050254046,-1.1478291044101148,-0.9196764391233708,-0.9188047560657264
0.2635263126084458,0.47504385518392295,-1.1374999754325699,-0.8973007231513289,-0.8969265776130761
-0.7719457642064684,0.8440744286568116,-1.1643557107741875,-0.8861128651653081,-0.8859874883867509
-1.807417841021346,-1.2470988210228782,-1.174684839751733,-0.8973007231513289,-0.8969265776130761
-0.7719457642064684,-0.38602748291947486,-1.1560924075921515,-0.9196764391233708,-0.9188047560657264
1.29899838942336,0.22902347286866567,-1.1643557107741875,-0.8973007231513289,-0.8969265776130761
-0.7719457642064684,0.6595591419203674,-1.1478291044101148,-0.9084885811373499,-0.9078656668394013
-1.807417841021346,-1.431614107759317,-1.1643557107741875,-0.9308642971093918,-0.9297438452920517
1.29899838942336,-0.6935529608135451,-1.1643557107741875,-0.9308642971093918,-0.9297438452920517
-0.7719457642064684,0.04450818613222132,-1.1560924075921515,-0.9420521550954127,-0.9428707523636418
-0.7719457642064684,0.5980540463415543,-1.1374999754325699,-0.9308642971093918,-0.9297438452920517
0.2635263126084458,-1.3086039166016912,-1.1643557107741875,-0.9644278710674545,-0.9647489308162922
-0.7719457642064684,-0.8165631519711765,-1.1478291044101148,-0.9532400130814336,-0.953809841589967
1.29899838942336,-0.016996909446591636,-1.1478291044101148,-0.9420521550954127,-0.9428707523636418
1.29899838942336,0.5365489507627359,-1.1374999754325699,-0.9644278710674545,-0.9647489308162922
-1.807417841021346,-1.6776344900745743,-1.1643557107741875,-0.9532400130814336,-0.953809841589967
0.2635263126084458,-0.6935529608135451,-1.1292366722505331,-0.9532400130814336,-0.953809841589967
1.29899838942336,0.04450818613222132,-1.1478291044101148,-0.9308642971093918,-0.9297438452920517
-1.807417841021346,0.5980540463415543,-1.1478291044101148,-0.9420521550954127,-0.9428707523636418
-0.7719457642064684,-1.2470988210228782,-1.1374999754325699,-0.9644278710674545,-0.9647489308162922
0.2635263126084458,-0.5705427696559192,-1.1560924075921515,-0.9644278710674545,-0.9647489308162922
-1.807417841021346,0.1675183772898527,-1.1292366722505331,-0.9756157290534754,-0.9756880200426173
0.2635263126084458,0.7210642374991802,-1.1292366722505331,-0.9979914450255173,-0.9975661984952677
0.2635263126084458,-1.1240886298652468,-1.1643557107741875,-0.9420521550954127,-0.9428707523636418
-1.807417841021346,-0.4475325784982878,-1.1560924075921515,-0.9756157290534754,-0.9756880200426173
-1.807417841021346,0.22902347286866567,-1.1374999754325699,-0.9979914450255173,-0.9975661984952677
1.29899838942336,-1.2470988210228782,-1.1829481429337692,-1.0091793030115384,-1.0085052877215928
-1.807417841021346,-0.9395733431288024,-1.1560924075921515,-1.020367160997559,-1.019444376947918
0.2635263126084458,-0.14000710060421756,-1.1374999754325699,-1.020367160997559,-1.019444376947918
0.2635263126084458,0.5980540463415543,-1.1560924075921515,-1.020367160997559,-1.019444376947918
-1.807417841021346,-1.5546242989169483,-1.1829481429337692,-0.9868035870394963,-0.9866271092689425
-0.7719457642064684,-0.4475325784982878,-1.1643557107741875,-0.9756157290534754,-0.9756880200426173
1.29899838942336,0.2905285684474786,-1.1829481429337692,-0.9756157290534754,-0.9756880200426173
-1.807417841021346,0.8440744286568116,-1.174684839751733,-0.9644278710674545,-0.9647489308162922
0.2635263126084458,-0.8165631519711765,-1.174684839751733,-0.9420521550954127,-0.9428707523636418
1.29899838942336,-0.0785020050254046,-1.1560924075921515,-0.9532400130814336,-0.953809841589967
0.2635263126084458,0.5365489507627359,-1.1374999754325699,-0.9756157290534754,-0.9756880200426173
-2.8428899178362603,-1.2470988210228782,-1.1478291044101148,-0.9868035870394963,-0.9866271092689425
0.2635263126084458,-0.3245223873406619,-1.1292366722505331,-0.9979914450255173,-0.9975661984952677
-0.7719457642064684,0.35203366402629704,-1.1209733690684969,-0.9979914450255173,-0.9975661984952677
-0.7719457642064684,-1.8621497768110187,-1.1106442400909515,-0.9979914450255173,-0.9975661984952677
1.29899838942336,-0.5705427696559192,-1.1106442400909515,-0.9979914450255173,-0.9975661984952677
0.2635263126084458,0.1675183772898527,-1.1106442400909515,-1.0091793030115384,-1.0085052877215928
-0.7719457642064684,-0.14000710060421756,-1.1106442400909515,-1.0091793030115384,-1.0085052877215928
1.29899838942336,-0.8780682475499895,-1.1374999754325699,-1.053930734955622,-1.0544494624721585
-2.8428899178362603,-0.0785020050254046,-1.1209733690684969,-1.042742876969601,-1.0435103732458335
-0.7719457642064684,-1.9851599679686445,-0.9949579955424439,-1.042742876969601,-1.0435103732458335
0.2635263126084458,-0.6320478652347321,-0.8875350541759723,-1.020367160997559,-1.019444376947918
-0.7719457642064684,0.7210642374991802,-0.7697829838319554,-0.9979914450255173,-0.9975661984952677
0.2635263126084458,-0.6935529608135451,-0.67062334564752,-1.020367160997559,-1.019444376947918
1.29899838942336,0.47504385518392295,-0.6272410039418294,-0.9756157290534754,-0.9756880200426173
-0.7719457642064684,-0.6935529608135451,-0.5177522367798492,-0.9756157290534754,-0.9756880200426173
0.2635263126084458,0.7825693330779933,-0.4475141597325409,-0.9532400130814336,-0.953809841589967
1.29899838942336,-0.38602748291947486,-0.39173686325379536,-0.9420521550954127,-0.9428707523636418
-0.7719457642064684,-1.6161293944957613,-0.33802539257055997,-0.9532400130814336,-0.953809841589967
1.29899838942336,0.22902347286866567,-0.2574581865457062,-0.9196764391233708,-0.9188047560657264
0.2635263126084458,-0.5090376740771062,-0.23060245120408848,-0.9084885811373499,-0.9078656668394013
-1.807417841021346,0.2905285684474786,-0.16862767733881626,-0.8973007231513289,-0.8969265776130761
1.29899838942336,0.1675183772898527,-0.12317950983761698,-0.8637371491932662,-0.8641093099341006
0.2635263126084458,-0.8780682475499895,-0.12317950983761698,-0.8301735752352033,-0.8291042244098601
-1.807417841021346,-0.8165631519711765,-0.10458707767803538,-0.8301735752352033,-0.8291042244098601
0.2635263126084458,0.35203366402629704,-0.06946803915438086,-0.8525492912072452,-0.8531702207077755
-0.7719457642064684,-0.38602748291947486,-0.09632377449599855,-0.8301735752352033,-0.8291042244098601
-0.7719457642064684,-0.8165631519711765,-0.06946803915438086,-0.8637371491932662,-0.8641093099341006
0.2635263126084458,0.6595591419203674,-0.015756568471145475,-0.8301735752352033,-0.8291042244098601
0.2635263126084458,-0.2015121961830305,-0.005427439493599982,-0.8413614332212243,-0.8422311314814502
0.2635263126084458,-0.5705427696559192,0.021428295848018444,-0.8413614332212243,-0.8422311314814502
-0.7719457642064684,-2.169675254705089,0.002835863688436852,-0.8413614332212243,-0.8422311314814502
0.2635263126084458,0.35203366402629704,0.011099166870472951,-0.8301735752352033,-0.8291042244098601
0.2635263126084458,-0.26301729176184896,0.06481063755370833,-0.8189857172491823,-0.8181651351835348
0.2635263126084458,-0.5090376740771062,0.07513976653125383,-0.7854221432911197,-0.7853478675045593
-0.7719457642064684,-1.1855937254440596,0.06481063755370833,-0.7854221432911197,-0.7853478675045593
-0.7719457642064684,0.35203366402629704,0.11852210823694445,-0.8077978592631616,-0.8072260459572097
-1.807417841021346,-0.0785020050254046,0.13711454039652604,-0.8077978592631616,-0.8072260459572097
1.29899838942336,-0.8780682475499895,0.11852210823694445,-0.8189857172491823,-0.8181651351835348
-1.807417841021346,-0.8165631519711765,0.14537784357856215,-0.8077978592631616,-0.8072260459572097
-0.7719457642064684,0.5365489507627359,0.20115514005730692,-0.7966100012771407,-0.7962869567308846
1.29899838942336,0.2905285684474786,0.20115514005730692,-0.8077978592631616,-0.8072260459572097
1.29899838942336,-0.016996909446591636,0.21768174642137986,-0.7966100012771407,-0.7962869567308846
-0.7719457642064684,-0.5090376740771062,0.23627417858096145,-0.8077978592631616,-0.8072260459572097
0.2635263126084458,-4.998909651330545,0.14537784357856215,-0.7966100012771407,-0.7962869567308846
0.2635263126084458,-3.3997771662813756,0.28998564926419684,-0.7630464273190778,-0.763469689051909
0.2635263126084458,-1.431614107759317,0.34369711994743296,-0.7518585693330568,-0.7525305998255839
0.2635263126084458,0.6595591419203674,0.33543381676539685,-0.7518585693330568,-0.7525305998255839
1.29899838942336,0.5365489507627359,0.34369711994743296,-0.7630464273190778,-0.763469689051909
0.2635263126084458,0.35203366402629704,0.35196042312946907,-0.7630464273190778,-0.763469689051909
2.3344704662382374,-0.016996909446591636,0.34369711994743296,-0.7630464273190778,-0.763469689051909
0.2635263126084458,-0.3245223873406619,0.37055285528905063,-0.7518585693330568,-0.7525305998255839
-0.7719457642064684,-0.6935529608135451,0.39740859063066836,-0.7406707113470359,-0.7415915105992587
0.2635263126084458,-0.6320478652347321,0.4077377196082138,-0.7294828533610149,-0.7284646035276685
0.2635263126084458,-0.38602748291947486,0.39740859063066836,-0.7182949953749941,-0.7175255143013433
-0.7719457642064684,0.10601328171103974,0.39740859063066836,-0.6735435634309103,-0.6737691573960426
-0.7719457642064684,0.8440744286568116,0.42426432597228675,-0.6959192794029522,-0.695647335848693
-0.7719457642064684,0.5365489507627359,0.44285675813186837,-0.6847314214169312,-0.6847082466223678
0.2635263126084458,0.35203366402629704,0.46144919029144993,-0.6623557054448894,-0.6628300681697175
1.29899838942336,0.2905285684474786,0.47797579665552214,-0.6735435634309103,-0.6737691573960426
0.2635263126084458,0.22902347286866567,0.47797579665552214,-0.6847314214169312,-0.6847082466223678
-0.7719457642064684,-0.016996909446591636,0.47797579665552214,-0.6735435634309103,-0.6737691573960426
1.29899838942336,0.10601328171103974,0.4511200613139045,-0.6511678474588685,-0.6518909789433923
0.2635263126084458,-0.2015121961830305,0.4965682288151037,-0.6623557054448894,-0.6628300681697175
0.2635263126084458,-0.14000710060421756,0.5151606609746853,-0.6623557054448894,-0.6628300681697175
0.2635263126084458,-0.4475325784982878,0.5151606609746853,-0.6511678474588685,-0.6518909789433923
-0.7719457642064684,-0.5090376740771062,0.5316872673387583,-0.6399799894728476,-0.6387640718718021
1.29899838942336,-0.2015121961830305,0.5316872673387583,-0.6399799894728476,-0.6387640718718021
1.29899838942336,-2.415695637020346,0.39740859063066836,-0.6399799894728476,-0.6387640718718021
0.2635263126084458,-0.8780682475499895,0.5688721316579214,-0.6511678474588685,-0.6518909789433923
-0.7719457642064684,-0.8165631519711765,0.6039911701815752,-0.6511678474588685,-0.6518909789433923
0.2635263126084458,-0.5090376740771062,0.5771354348399576,-0.6064164155147848,-0.6059468041928265
-0.7719457642064684,-0.2015121961830305,0.5771354348399576,-0.5952285575287638,-0.5950077149665014
0.2635263126084458,-0.0785020050254046,0.5957278669995392,-0.5840406995427428,-0.5840686257401763
1.29899838942336,-0.016996909446591636,0.5151606609746853,-0.6064164155147848,-0.6059468041928265
0.2635263126084458,-0.2015121961830305,0.5957278669995392,-0.6287921314868267,-0.6278249826454769
-0.7719457642064684,0.10601328171103974,0.5957278669995392,-0.6511678474588685,-0.6518909789433923
0.2635263126084458,0.1675183772898527,0.587464563817503,-0.6287921314868267,-0.6278249826454769
0.2635263126084458,0.22902347286866567,0.6039911701815752,-0.6064164155147848,-0.6059468041928265
0.2635263126084458,0.41353875960511,0.5957278669995392,-0.6623557054448894,-0.6628300681697175
0.2635263126084458,0.5980540463415543,0.5502796994983399,-0.6176042735008057,-0.6168858934191517
-0.7719457642064684,0.5365489507627359,0.5957278669995392,-0.5952285575287638,-0.5950077149665014
-0.7719457642064684,0.6595591419203674,0.6039911701815752,-0.5840406995427428,-0.5840686257401763
1.29899838942336,0.7825693330779933,0.6225836023411575,-0.5840406995427428,-0.5840686257401763
0.2635263126084458,0.5365489507627359,0.6039911701815752,-0.5952285575287638,-0.5950077149665014
0.2635263126084458,-1.2470988210228782,0.5957278669995392,-0.5952285575287638,-0.5950077149665014
0.2635263126084458,0.35203366402629704,0.5316872673387583,-0.5952285575287638,-0.5950077149665014
-0.7719457642064684,-0.26301729176184896,0.5957278669995392,-0.5840406995427428,-0.5840686257401763
0.2635263126084458,-0.7550580563923636,0.6143202991591207,-0.5840406995427428,-0.5840686257401763
0.2635263126084458,-0.6320478652347321,0.5957278669995392,-0.5728528415567219,-0.573129536513851
-1.807417841021346,-0.38602748291947486,0.587464563817503,-0.5616649835707009,-0.5621904472875259
0.2635263126084458,-0.5090376740771062,0.5771354348399576,-0.5952285575287638,-0.5950077149665014
1.29899838942336,-0.016996909446591636,0.5585430026803759,-0.5952285575287638,-0.5950077149665014
-1.807417841021346,-0.016996909446591636,0.5420163963163037,-0.5840406995427428,-0.5840686257401763
1.29899838942336,0.04450818613222132,0.48830492563306765,-0.5504771255846801,-0.5512513580612007
0.2635263126084458,0.1675183772898527,0.33543381676539685,-0.5169135516266173,-0.5162462725369602
-0.7719457642064684,-0.14000710060421756,0.21768174642137986,-0.49453783565457543,-0.4943680940843098
-0.7719457642064684,-0.4475325784982878,0.09166637289532677,-0.5057256936405964,-0.505307183310635
1.29899838942336,-4.568373982278849,-0.11491620665558014,-0.5504771255846801,-0.5512513580612007
-0.7719457642064684,-2.6617160193356035,-0.18515428370288847,-0.5057256936405964,-0.505307183310635
1.29899838942336,-0.6935529608135451,-0.27605061870528774,-0.43859854572447077,-0.4374848301074189
1.29899838942336,0.7825693330779933,-0.42892172757295927,-0.393847113780387,-0.39372847320211823
-0.7719457642064684,0.2905285684474786,-0.5817928364406301,-0.34909568183630324,-0.34997211629681757
0.2635263126084458,-0.5705427696559192,-0.7883754159915369,-0.4274106877384498,-0.42654574088109376
1.29899838942336,0.35203366402629704,-1.1106442400909515,-0.5057256936405964,-0.505307183310635
-0.7719457642064684,-1.0010784387076208,-1.2098038782753868,-0.5392892675986591,-0.5381244509896105
1.29899838942336,0.35203366402629704,-1.2283963104349684,-0.5504771255846801,-0.5512513580612007
-0.7719457642064684,-0.5090376740771062,-1.263515348958623,-0.5728528415567219,-0.573129536513851
-0.7719457642064684,0.35203366402629704,-1.2366596136170045,-0.5952285575287638,-0.5950077149665014
0.2635263126084458,-0.5090376740771062,-1.263515348958623,-0.6287921314868267,-0.6278249826454769
0.2635263126084458,0.35203366402629704,-1.255252045776587,-0.6064164155147848,-0.6059468041928265
-0.7719457642064684,-0.5090376740771062,-1.24698874259455,-0.6511678474588685,-0.6518909789433923
1.29899838942336,0.41353875960511,-1.2283963104349684,-0.6064164155147848,-0.6059468041928265
-0.7719457642064684,-0.6320478652347321,-1.24698874259455,-0.6176042735008057,-0.6168858934191517
-0.7719457642064684,0.47504385518392295,-1.2015405750933508,-0.6064164155147848,-0.6059468041928265
1.29899838942336,-0.38602748291947486,-1.2098038782753868,-0.6176042735008057,-0.6168858934191517
1.29899838942336,0.47504385518392295,-1.2098038782753868,-0.6511678474588685,-0.6518909789433923
-1.807417841021346,-0.38602748291947486,-1.2015405750933508,-0.6735435634309103,-0.6737691573960426
0.2635263126084458,0.5980540463415543,-1.1829481429337692,-0.6623557054448894,-0.6628300681697175
1.29899838942336,-0.3245223873406619,-1.2015405750933508,-0.6623557054448894,-0.6628300681697175
-1.807417841021346,0.6595591419203674,-1.1932772719113147,-0.6623557054448894,-0.6628300681697175
-0.7719457642064684,-0.0785020050254046,-1.1829481429337692,-0.6623557054448894,-0.6628300681697175
0.2635263126084458,0.8440744286568116,-1.1829481429337692,-0.6959192794029522,-0.695647335848693
-0.7719457642064684,0.10601328171103974,-1.174684839751733,-0.6735435634309103,-0.6737691573960426
-0.7719457642064684,-1.1855937254440596,-1.1643557107741875,-0.7071071373889731,-0.7065864250750181
1.29899838942336,0.22902347286866567,-1.1560924075921515,-0.6959192794029522,-0.695647335848693
-0.7719457642064684,-0.5705427696559192,-1.1829481429337692,-0.6847314214169312,-0.6847082466223678
-0.7719457642064684,0.47504385518392295,-1.1478291044101148,-0.6959192794029522,-0.695647335848693
0.2635263126084458,-0.38602748291947486,-1.1643557107741875,-0.6847314214169312,-0.6847082466223678
-1.807417841021346,0.47504385518392295,-1.1478291044101148,-0.7071071373889731,-0.7065864250750181
-1.807417841021346,-0.3245223873406619,-1.1478291044101148,-0.6847314214169312,-0.6847082466223678
0.2635263126084458,0.7210642374991802,-1.1374999754325699,-0.6847314214169312,-0.6847082466223678
1.29899838942336,-0.14000710060421756,-1.1478291044101148,-0.6735435634309103,-0.6737691573960426
-1.807417841021346,-2.3541905414415334,-1.1374999754325699,-0.6847314214169312,-0.6847082466223678
-0.7719457642064684,0.10601328171103974,-1.1478291044101148,-0.6959192794029522,-0.695647335848693
-0.7719457642064684,-0.3245223873406619,-1.1560924075921515,-0.7071071373889731,-0.7065864250750181
0.2635263126084458,0.1675183772898527,-1.1292366722505331,-0.7294828533610149,-0.7284646035276685
2.3344704662382374,-0.8165631519711765,-1.1478291044101148,-0.7071071373889731,-0.7065864250750181
-0.7719457642064684,0.35203366402629704,-1.1374999754325699,-0.7182949953749941,-0.7175255143013433
-0.7719457642064684,-0.3245223873406619,-1.1478291044101148,-0.7182949953749941,-0.7175255143013433
0.2635263126084458,0.5365489507627359,-1.1374999754325699,-0.7406707113470359,-0.7415915105992587
-1.807417841021346,-0.3245223873406619,-1.1374999754325699,-0.7518585693330568,-0.7525305998255839
0.2635263126084458,0.7210642374991802,-1.1106442400909515,-0.7630464273190778,-0.763469689051909
1.29899838942336,-0.14000710060421756,-1.1209733690684969,-0.7742342853050987,-0.7744087782782342
0.2635263126084458,0.1675183772898527,-1.1478291044101148,-0.7854221432911197,-0.7853478675045593
-0.7719457642064684,0.04450818613222132,-1.1209733690684969,-0.7742342853050987,-0.7744087782782342
0.2635263126084458,-4.691384173436475,-1.2015405750933508,-0.7742342853050987,-0.7744087782782342
-1.807417841021346,-2.8462313060720477,-1.1932772719113147,-0.7406707113470359,-0.7415915105992587
0.2635263126084458,-1.2470988210228782,-1.1560924075921515,-0.6959192794029522,-0.695647335848693
1.29899838942336,-0.016996909446591636,-1.1374999754325699,-0.6959192794029522,-0.695647335848693
-0.7719457642064684,-1.431614107759317,-1.1374999754325699,-0.6735435634309103,-0.6737691573960426
-1.807417841021346,-0.016996909446591636,-1.1374999754325699,-0.6847314214169312,-0.6847082466223678
0.2635263126084458,-3.5842924530178197,-1.1560924075921515,-0.6959192794029522,-0.695647335848693
-0.7719457642064684,-1.4931192033381355,-1.1560924075921515,-0.6511678474588685,-0.6518909789433923
-0.7719457642064684,-0.14000710060421756,-0.930917395881663,-0.6287921314868267,-0.6278249826454769
1.29899838942336,-0.5705427696559192,-0.7243348163307561,-0.5952285575287638,-0.5950077149665014
-0.7719457642064684,0.9670846198144376,-0.5177522367798492,-0.6399799894728476,-0.6387640718718021
0.2635263126084458,0.35203366402629704,-0.33802539257055997,-0.6847314214169312,-0.6847082466223678
0.2635263126084458,0.41353875960511,-0.19548341268043395,-0.6847314214169312,-0.6847082466223678
-0.7719457642064684,0.10601328171103974,-0.024019871653181573,-0.6735435634309103,-0.6737691573960426
1.29899838942336,0.1675183772898527,0.13711454039652604,-0.6847314214169312,-0.6847082466223678
-0.7719457642064684,0.2905285684474786,0.28172234608216074,-0.6511678474588685,-0.6518909789433923
0.2635263126084458,0.41353875960511,0.43459345494983226,-0.6623557054448894,-0.6628300681697175
1.29899838942336,0.7825693330779933,0.5957278669995392,-0.6623557054448894,-0.6628300681697175
-0.7719457642064684,-0.8780682475499895,0.7114141115480475,-0.6399799894728476,-0.6387640718718021
-0.7719457642064684,-1.1240886298652468,0.802310446550446,-0.6511678474588685,-0.6518909789433923
1.29899838942336,0.10601328171103974,0.8477586140516461,-0.6176042735008057,-0.6168858934191517
-0.7719457642064684,0.22902347286866567,0.8642852204157182,-0.6287921314868267,-0.6278249826454769
-0.7719457642064684,0.5980540463415543,0.891140955757336,-0.5952285575287638,-0.5950077149665014
-0.7719457642064684,-2.169675254705089,0.9014700847348814,-0.5840406995427428,-0.5840686257401763
0.2635263126084458,-2.907736401650861,0.8477586140516461,-0.5840406995427428,-0.5840686257401763
-0.7719457642064684,0.2905285684474786,0.9179966910989543,-0.5728528415567219,-0.573129536513851
0.2635263126084458,0.8440744286568116,0.9551815554181176,-0.5281014096126383,-0.5271853617632853
0.2635263126084458,-1.431614107759317,0.9365891232585359,-0.5169135516266173,-0.5162462725369602
0.2635263126084458,0.10601328171103974,0.9448524264405721,-0.5169135516266173,-0.5162462725369602
-0.7719457642064684,0.2905285684474786,0.9634448586001536,-0.5169135516266173,-0.5162462725369602
0.2635263126084458,0.5980540463415543,0.9551815554181176,-0.5057256936405964,-0.505307183310635
0.2635263126084458,0.22902347286866567,0.9634448586001536,-0.48334997766855453,-0.4834290048579846
0.2635263126084458,-0.6320478652347321,0.9737739875776992,-0.5169135516266173,-0.5162462725369602
0.2635263126084458,0.1675183772898527,0.9903005939417714,-0.5057256936405964,-0.505307183310635
-0.7719457642064684,0.47504385518392295,1.0274854582609345,-0.5169135516266173,-0.5162462725369602
1.29899838942336,0.47504385518392295,1.017156329283389,-0.5392892675986591,-0.5381244509896105
0.2635263126084458,-4.506868886700031,0.891140955757336,-0.5169135516266173,-0.5162462725369602
0.2635263126084458,-2.231180350283902,0.9737739875776992,-0.5169135516266173,-0.5162462725369602
0.2635263126084458,-0.016996909446591636,1.0543411936025522,-0.5281014096126383,-0.5271853617632853
1.29899838942336,0.8440744286568116,1.0543411936025522,-0.49453783565457543,-0.4943680940843098
-1.807417841021346,-0.0785020050254046,1.0357487614429715,-0.49453783565457543,-0.4943680940843098
-0.7719457642064684,0.04450818613222132,1.0543411936025522,-0.48334997766855453,-0.4834290048579846
0.2635263126084458,0.6595591419203674,1.0543411936025522,-0.43859854572447077,-0.4374848301074189
0.2635263126084458,-0.6935529608135451,1.0626044967845882,-0.4274106877384498,-0.42654574088109376
0.2635263126084458,0.22902347286866567,1.0708677999666258,-0.41622282975242886,-0.41560665165476857
-0.7719457642064684,0.6595591419203674,1.0811969289441707,-0.4274106877384498,-0.42654574088109376
0.2635263126084458,-1.0625835342864338,1.108052664285789,-0.43859854572447077,-0.4374848301074189
0.2635263126084458,0.1675183772898527,1.0894602321262068,-0.43859854572447077,-0.4374848301074189
0.2635263126084458,0.5980540463415543,1.0977235353082428,-0.4274106877384498,-0.42654574088109376
0.2635263126084458,-0.4475325784982878,1.0811969289441707,-0.4050349717664079,-0.40466756242844343
0.2635263126084458,0.41353875960511,1.1163159674678251,-0.393847113780387,-0.39372847320211823
0.2635263126084458,0.6595591419203674,1.1163159674678251,-0.4050349717664079,-0.40466756242844343
-0.7719457642064684,0.04450818613222132,1.1163159674678251,-0.41622282975242886,-0.41560665165476857
-0.7719457642064684,0.5365489507627359,1.1163159674678251,-0.44978640371049167,-0.45061173717900915
0.2635263126084458,-1.370109012180504,1.0543411936025522,-0.4609742616965126,-0.4615508264053343
0.2635263126084458,0.22902347286866567,1.0708677999666258,-0.43859854572447077,-0.4374848301074189
0.2635263126084458,0.41353875960511,1.0811969289441707,-0.44978640371049167,-0.45061173717900915
-1.807417841021346,0.41353875960511,1.0543411936025522,-0.41622282975242886,-0.41560665165476857
2.3344704662382374,0.1675183772898527,1.0543411936025522,-0.43859854572447077,-0.4374848301074189
0.2635263126084458,0.5365489507627359,1.0440120646250075,-0.44978640371049167,-0.45061173717900915
0.2635263126084458,-0.0785020050254046,1.0006297229193168,-0.4274106877384498,-0.42654574088109376
0.2635263126084458,-0.016996909446591636,1.0274854582609345,-0.43859854572447077,-0.4374848301074189
0.2635263126084458,0.7825693330779933,1.0274854582609345,-0.44978640371049167,-0.45061173717900915
-0.7719457642064684,0.2905285684474786,1.008893026101353,-0.44978640371049167,-0.45061173717900915
1.29899838942336,0.2905285684474786,0.9903005939417714,-0.5169135516266173,-0.5162462725369602
0.2635263126084458,0.35203366402629704,0.9903005939417714,-0.5169135516266173,-0.5162462725369602
-0.7719457642064684,-4.014828122069516,0.8746143493932638,-0.5281014096126383,-0.5271853617632853
0.2635263126084458,-1.8006446812322057,1.0006297229193168,-0.49453783565457543,-0.4943680940843098
-0.7719457642064684,0.1675183772898527,1.0274854582609345,-0.4721621196825336,-0.4724899156316595
-0.7719457642064684,-0.016996909446591636,1.008893026101353,-0.4609742616965126,-0.4615508264053343
-0.7719457642064684,0.8440744286568116,0.9903005939417714,-0.4609742616965126,-0.4615508264053343
0.2635263126084458,-0.3245223873406619,0.9737739875776992,-0.4609742616965126,-0.4615508264053343
0.2635263126084458,0.1675183772898527,0.9448524264405721,-0.48334997766855453,-0.4834290048579846
-0.7719457642064684,-1.7391395856533873,0.9737739875776992,-0.48334997766855453,-0.4834290048579846
0.2635263126084458,0.2905285684474786,0.9737739875776992,-0.4721621196825336,-0.4724899156316595
1.29899838942336,0.5980540463415543,1.0006297229193168,-0.49453783565457543,-0.4943680940843098
0.2635263126084458,-0.26301729176184896,0.9634448586001536,-0.4721621196825336,-0.4724899156316595
1.29899838942336,0.6595591419203674,0.9551815554181176,-0.48334997766855453,-0.4834290048579846
2.3344704662382374,0.2905285684474786,0.891140955757336,-0.49453783565457543,-0.4943680940843098
0.2635263126084458,0.1675183772898527,0.9448524264405721,-0.48334997766855453,-0.4834290048579846
0.2635263126084458,0.8440744286568116,0.9737739875776992,-0.4721621196825336,-0.4724899156316595
-0.7719457642064684,-0.4475325784982878,0.9365891232585359,-0.48334997766855453,-0.4834290048579846
0.2635263126084458,0.7210642374991802,0.9551815554181176,-0.4609742616965126,-0.4615508264053343
-0.7719457642064684,-0.2015121961830305,0.9179966910989543,-0.49453783565457543,-0.4943680940843098
1.29899838942336,0.2905285684474786,0.9179966910989543,-0.4609742616965126,-0.4615508264053343
0.2635263126084458,-0.0785020050254046,0.9283258200764991,-0.4609742616965126,-0.4615508264053343
-0.7719457642064684,0.2905285684474786,0.9097333879169175,-0.4609742616965126,-0.4615508264053343
0.2635263126084458,-1.5546242989169483,0.9365891232585359,-0.38265925579436605,-0.38278938397579304
0.2635263126084458,0.1675183772898527,0.9179966910989543,-0.38265925579436605,-0.38278938397579304
0.2635263126084458,0.7825693330779933,0.9097333879169175,-0.36028353982232414,-0.3609112055231427
0.2635263126084458,-2.415695637020346,0.8477586140516461,-0.38265925579436605,-0.38278938397579304
0.2635263126084458,-0.3245223873406619,0.8828776525752998,-0.38265925579436605,-0.38278938397579304
0.2635263126084458,0.7210642374991802,0.79404714336841,-0.34909568183630324,-0.34997211629681757
0.2635263126084458,-0.26301729176184896,0.6225836023411575,-0.34909568183630324,-0.34997211629681757
-0.7719457642064684,0.1675183772898527,0.48830492563306765,-0.34909568183630324,-0.34997211629681757
1.29899838942336,0.22902347286866567,0.34369711994743296,-0.31553210787824065,-0.314967030772577
0.2635263126084458,0.41353875960511,0.17429940471568922,-0.34909568183630324,-0.34997211629681757
0.2635263126084458,0.5980540463415543,0.04828403118963614,-0.34909568183630324,-0.34997211629681757
0.2635263126084458,0.7825693330779933,-0.12317950983761698,-0.393847113780387,-0.39372847320211823
1.29899838942336,0.6595591419203674,-0.29464305086486936,-0.4050349717664079,-0.40466756242844343
-0.7719457642064684,0.7210642374991802,-0.46404076609661304,-0.4274106877384498,-0.42654574088109376
0.2635263126084458,0.35203366402629704,-0.7078082099666831,-0.41622282975242886,-0.41560665165476857
1.29899838942336,-0.0785020050254046,-1.0672618983852615,-0.4274106877384498,-0.42654574088109376
0.2635263126084458,-0.26301729176184896,-1.1643557107741875,-0.4050349717664079,-0.40466756242844343
-0.7719457642064684,0.9055795242356246,-1.1932772719113147,-0.4274106877384498,-0.42654574088109376
-0.7719457642064684,0.47504385518392295,-1.2015405750933508,-0.4609742616965126,-0.4615508264053343
0.2635263126084458,0.10601328171103974,-1.2283963104349684,-0.4609742616965126,-0.4615508264053343
-0.7719457642064684,-0.14000710060421756,-1.2283963104349684,-0.48334997766855453,-0.4834290048579846
0.2635263126084458,0.8440744286568116,-1.2283963104349684,-0.4721621196825336,-0.4724899156316595
1.29899838942336,0.41353875960511,-1.2098038782753868,-0.49453783565457543,-0.4943680940843098
-1.807417841021346,0.1675183772898527,-1.2283963104349684,-0.5057256936405964,-0.505307183310635
1.29899838942336,-0.3245223873406619,-1.2201330072529324,-0.5169135516266173,-0.5162462725369602
-0.7719457642064684,-0.6320478652347321,-1.2201330072529324,-0.5392892675986591,-0.5381244509896105
0.2635263126084458,0.5980540463415543,-1.1829481429337692,-0.5281014096126383,-0.5271853617632853
0.2635263126084458,0.2905285684474786,-1.1932772719113147,-0.5504771255846801,-0.5512513580612007
1.29899838942336,-0.14000710060421756,-1.174684839751733,-0.5281014096126383,-0.5271853617632853
-0.7719457642064684,0.10601328171103974,-1.1829481429337692,-0.5504771255846801,-0.5512513580612007
1.29899838942336,0.8440744286568116,-1.1560924075921515,-0.5616649835707009,-0.5621904472875259
-1.807417841021346,0.5365489507627359,-1.1643557107741875,-0.5616649835707009,-0.5621904472875259
0.2635263126084458,0.2905285684474786,-1.1560924075921515,-0.5616649835707009,-0.5621904472875259
0.2635263126084458,-0.016996909446591636,-1.1829481429337692,-0.5840406995427428,-0.5840686257401763
-0.7719457642064684,0.10601328171103974,-1.1643557107741875,-0.5840406995427428,-0.5840686257401763
0.2635263126084458,0.8440744286568116,-1.1374999754325699,-0.5952285575287638,-0.5950077149665014
-1.807417841021346,0.5365489507627359,-1.1478291044101148,-0.6176042735008057,-0.6168858934191517
2.3344704662382374,0.1675183772898527,-1.1478291044101148,-0.6176042735008057,-0.6168858934191517
-0.7719457642064684,-0.3245223873406619,-1.1374999754325699,-0.6287921314868267,-0.6278249826454769
0.2635263126084458,0.2905285684474786,-1.1643557107741875,-0.6511678474588685,-0.6518909789433923
-0.7719457642064684,0.7825693330779933,-1.1209733690684969,-0.6287921314868267,-0.6278249826454769
-0.7719457642064684,0.41353875960511,-1.1374999754325699,-0.6064164155147848,-0.6059468041928265
-0.7719457642064684,-0.016996909446591636,-1.1209733690684969,-0.6176042735008057,-0.6168858934191517
0.2635263126084458,0.04450818613222132,-1.1374999754325699,-0.6399799894728476,-0.6387640718718021
0.2635263126084458,-0.7550580563923636,-1.1374999754325699,-0.6511678474588685,-0.6518909789433923
0.2635263126084458,0.8440744286568116,-1.1374999754325699,-0.6847314214169312,-0.6847082466223678
1.29899838942336,0.47504385518392295,-1.1292366722505331,-0.6623557054448894,-0.6628300681697175
-0.7719457642064684,0.35203366402629704,-1.1292366722505331,-0.6735435634309103,-0.6737691573960426
0.2635263126084458,0.10601328171103974,-1.1292366722505331,-0.6847314214169312,-0.6847082466223678
-0.7719457642064684,-0.0785020050254046,-1.1292366722505331,-0.7294828533610149,-0.7284646035276685
0.2635263126084458,-0.6935529608135451,-1.1292366722505331,-0.6847314214169312,-0.6847082466223678
0.2635263126084458,0.8440744286568116,-1.1292366722505331,-0.7294828533610149,-0.7284646035276685
0.2635263126084458,0.47504385518392295,-1.1106442400909515,-0.7294828533610149,-0.7284646035276685
-0.7719457642064684,0.35203366402629704,-1.1209733690684969,-0.7071071373889731,-0.7065864250750181
0.2635263126084458,0.1675183772898527,-1.1106442400909515,-0.7294828533610149,-0.7284646035276685
-1.807417841021346,-0.0785020050254046,-1.1374999754325699,-0.7406707113470359,-0.7415915105992587
1.29899838942336,-0.8780682475499895,-1.1292366722505331,-0.7630464273190778,-0.763469689051909
0.2635263126084458,0.8440744286568116,-1.1106442400909515,-0.7630464273190778,-0.763469689051909
0.2635263126084458,0.6595591419203674,-1.1023809369089155,-0.7854221432911197,-0.7853478675045593
-0.7719457642064684,0.41353875960511,-1.1292366722505331,-0.7630464273190778,-0.763469689051909
-0.7719457642064684,0.10601328171103974,-1.1106442400909515,-0.7742342853050987,-0.7744087782782342
-0.7719457642064684,0.1675183772898527,-1.1292366722505331,-0.7742342853050987,-0.7744087782782342
0.2635263126084458,-1.0010784387076208,-1.1209733690684969,-0.7742342853050987,-0.7744087782782342
-0.7719457642064684,-0.7550580563923636,-1.1209733690684969,-0.7742342853050987,-0.7744087782782342
1.29899838942336,0.7210642374991802,-1.1106442400909515,-0.7966100012771407,-0.7962869567308846
-1.807417841021346,0.5365489507627359,-0.8957983573580085,-0.7854221432911197,-0.7853478675045593
1.29899838942336,0.5980540463415543,-0.67062334564752,-0.7966100012771407,-0.7962869567308846
-0.7719457642064684,0.5980540463415543,-0.46404076609661304,-0.7854221432911197,-0.7853478675045593
0.2635263126084458,0.7210642374991802,-0.29464305086486936,-0.8301735752352033,-0.8291042244098601
0.2635263126084458,-0.016996909446591636,-0.14177194199719856,-0.7966100012771407,-0.7962869567308846
0.2635263126084458,0.10601328171103974,0.029691599030054545,-0.7742342853050987,-0.7744087782782342
0.2635263126084458,0.1675183772898527,0.20115514005730692,-0.7742342853050987,-0.7744087782782342
0.2635263126084458,0.5980540463415543,0.35196042312946907,-0.7294828533610149,-0.7284646035276685
-0.7719457642064684,-1.0010784387076208,0.4965682288151037,-0.7742342853050987,-0.7744087782782342
0.2635263126084458,-0.016996909446591636,0.6494393376827753,-0.7630464273190778,-0.763469689051909
-0.7719457642064684,0.5980540463415543,0.7754547112088284,-0.7518585693330568,-0.7525305998255839
0.2635263126084458,0.2905285684474786,0.8746143493932638,-0.7518585693330568,-0.7525305998255839
0.2635263126084458,0.35203366402629704,0.9097333879169175,-0.7071071373889731,-0.7065864250750181
1.29899838942336,-0.14000710060421756,0.9097333879169175,-0.7294828533610149,-0.7284646035276685
-0.7719457642064684,0.04450818613222132,0.9551815554181176,-0.7182949953749941,-0.7175255143013433
-0.7719457642064684,-0.0785020050254046,0.9551815554181176,-0.7406707113470359,-0.7415915105992587
0.2635263126084458,-3.830312835333077,0.8477586140516461,-0.7182949953749941,-0.7175255143013433
0.2635263126084458,-1.3086039166016912,0.9283258200764991,-0.6847314214169312,-0.6847082466223678
0.2635263126084458,0.41353875960511,0.9634448586001536,-0.6959192794029522,-0.695647335848693
1.29899838942336,0.1675183772898527,1.008893026101353,-0.6623557054448894,-0.6628300681697175
-0.7719457642064684,-0.016996909446591636,1.008893026101353,-0.6287921314868267,-0.6278249826454769
0.2635263126084458,-0.0785020050254046,1.008893026101353,-0.6176042735008057,-0.6168858934191517
0.2635263126084458,0.6595591419203674,1.017156329283389,-0.6176042735008057,-0.6168858934191517
0.2635263126084458,-0.016996909446591636,1.0357487614429715,-0.6064164155147848,-0.6059468041928265
-0.7719457642064684,0.5980540463415543,1.0440120646250075,-0.5840406995427428,-0.5840686257401763
-0.7719457642064684,-0.38602748291947486,1.0440120646250075,-0.6064164155147848,-0.6059468041928265
1.29899838942336,0.41353875960511,1.0708677999666258,-0.5840406995427428,-0.5840686257401763
-1.807417841021346,-0.4475325784982878,1.0543411936025522,-0.5952285575287638,-0.5950077149665014
0.2635263126084458,0.35203366402629704,1.0626044967845882,-0.5952285575287638,-0.5950077149665014
-0.7719457642064684,0.22902347286866567,1.0708677999666258,-0.5840406995427428,-0.5840686257401763
-0.7719457642064684,0.35203366402629704,1.0894602321262068,-0.5504771255846801,-0.5512513580612007
0.2635263126084458,0.5365489507627359,1.0977235353082428,-0.5281014096126383,-0.5271853617632853
0.2635263126084458,0.47504385518392295,1.1163159674678251,-0.49453783565457543,-0.4943680940843098
-1.807417841021346,-0.4475325784982878,1.0894602321262068,-0.4721621196825336,-0.4724899156316595
0.2635263126084458,0.47504385518392295,1.108052664285789,-0.48334997766855453,-0.4834290048579846
-0.7719457642064684,-0.0785020050254046,1.1163159674678251,-0.44978640371049167,-0.45061173717900915
0.2635263126084458,0.5365489507627359,1.134908399627406,-0.4274106877384498,-0.42654574088109376
0.2635263126084458,-0.4475325784982878,1.1431717028094421,-0.43859854572447077,-0.4374848301074189
0.2635263126084458,0.5365489507627359,1.134908399627406,-0.4609742616965126,-0.4615508264053343
0.2635263126084458,0.1675183772898527,1.1431717028094421,-0.44978640371049167,-0.45061173717900915
0.2635263126084458,0.6595591419203674,1.1535008317869884,-0.4609742616965126,-0.4615508264053343
0.2635263126084458,-0.016996909446591636,1.1617641349690244,-0.41622282975242886,-0.41560665165476857
-0.7719457642064684,0.47504385518392295,1.1803565671286054,-0.34909568183630324,-0.34997211629681757
-0.7719457642064684,0.2905285684474786,1.1700274381510605,-0.31553210787824065,-0.314967030772577
-0.7719457642064684,0.47504385518392295,1.1617641349690244,-0.32671996586426133,-0.3259061199989022
0.2635263126084458,0.7825693330779933,1.1886198703106414,-0.36028353982232414,-0.3609112055231427
0.2635263126084458,-3.3382720707025624,1.0357487614429715,-0.31553210787824065,-0.314967030772577
0.2635263126084458,-0.7550580563923636,1.1535008317869884,-0.28196853392017784,-0.2821497630936015
0.2635263126084458,0.41353875960511,1.1617641349690244,-0.248404959962115,-0.249332495414626
-0.7719457642064684,0.6595591419203674,1.2072123024702237,-0.23721710197609405,-0.23620558834303576
-0.7719457642064684,-0.14000710060421756,1.196883173492679,-0.23721710197609405,-0.23620558834303576
-0.7719457642064684,0.22902347286866567,1.196883173492679,-0.20365352801803124,-0.20338832066406026
0.2635263126084458,0.6595591419203674,1.1886198703106414,-0.18127781204598936,-0.1815101422114099
0.2635263126084458,0.22902347286866567,1.1886198703106414,-0.1924656700320103,-0.1924492314377351
-0.7719457642064684,-0.8780682475499895,1.2340680378118423,-0.15890209607394748,-0.15963196375875957
0.2635263126084458,0.5980540463415543,1.2154756056522598,-0.1700899540599684,-0.17057105298508474
-0.7719457642064684,-0.14000710060421756,1.2154756056522598,-0.1700899540599684,-0.17057105298508474
-0.7719457642064684,-1.0625835342864338,1.223738908834296,-0.14771423808792652,-0.1486928745324344
0.2635263126084458,0.7210642374991802,1.1886198703106414,-0.1365263801019056,-0.1355659674608442
0.2635263126084458,-0.0785020050254046,1.2072123024702237,-0.10296280614384276,-0.10274869978186868
0.2635263126084458,-1.1855937254440596,1.2154756056522598,-0.06939923218577994,-0.06993143210289317
0.2635263126084458,0.5365489507627359,1.2072123024702237,-0.058211374199759004,-0.058992342876567995
0.2635263126084458,-0.0785020050254046,1.2154756056522598,-0.06939923218577994,-0.06993143210289317
0.2635263126084458,0.22902347286866567,1.196883173492679,-0.03583565822771737,-0.034926346578652616
0.2635263126084458,0.5980540463415543,1.1700274381510605,-0.06939923218577994,-0.06993143210289317
0.2635263126084458,-0.0785020050254046,1.2154756056522598,-0.06939923218577994,-0.06993143210289317
-0.7719457642064684,0.5980540463415543,1.1886198703106414,-0.09177494815782182,-0.09180961055554351
1.29899838942336,0.5365489507627359,1.196883173492679,-0.10296280614384276,-0.10274869978186868
0.2635263126084458,0.10601328171103974,1.2072123024702237,-0.15890209607394748,-0.15963196375875957
-0.7719457642064684,-0.0785020050254046,1.1803565671286054,-0.1924656700320103,-0.1924492314377351
0.2635263126084458,0.7825693330779933,1.1617641349690244,-0.18127781204598936,-0.1815101422114099
-0.7719457642064684,0.41353875960511,1.1431717028094421,-0.1700899540599684,-0.17057105298508474
0.2635263126084458,-0.5090376740771062,1.1535008317869884,-0.14771423808792652,-0.1486928745324344
1.29899838942336,0.6595591419203674,1.196883173492679,-0.1365263801019056,-0.1355659674608442
0.2635263126084458,0.1675183772898527,1.1700274381510605,-0.12533852211588464,-0.12462687823451903
0.2635263126084458,0.47504385518392295,1.1431717028094421,-0.1700899540599684,-0.17057105298508474
0.2635263126084458,-1.0625835342864338,1.1163159674678251,-0.1924656700320103,-0.1924492314377351
-0.7719457642064684,0.7210642374991802,1.134908399627406,-0.1700899540599684,-0.17057105298508474
0.2635263126084458,-0.0785020050254046,1.1431717028094421,-0.1924656700320103,-0.1924492314377351
1.29899838942336,0.2905285684474786,1.1431717028094421,-0.1924656700320103,-0.1924492314377351
-0.7719457642064684,0.5365489507627359,1.134908399627406,-0.1924656700320103,-0.1924492314377351
0.2635263126084458,0.2905285684474786,1.1163159674678251,-0.21484138600405217,-0.21432740989038543
0.2635263126084458,-1.0625835342864338,1.1163159674678251,-0.20365352801803124,-0.20338832066406026
-0.7719457642064684,0.41353875960511,1.0543411936025522,-0.1924656700320103,-0.1924492314377351
-0.7719457642064684,-0.4475325784982878,0.9283258200764991,-0.1700899540599684,-0.17057105298508474
0.2635263126084458,0.5980540463415543,0.7671914080267922,-0.15890209607394748,-0.15963196375875957
1.29899838942336,0.41353875960511,0.6039911701815752,-0.14771423808792652,-0.1486928745324344
0.2635263126084458,0.2905285684474786,0.4511200613139045,-0.14771423808792652,-0.1486928745324344
1.29899838942336,0.1675183772898527,0.25486661074054306,-0.1700899540599684,-0.17057105298508474
1.29899838942336,0.35203366402629704,0.08340306971328992,-0.15890209607394748,-0.15963196375875957
1.29899838942336,0.10601328171103974,-0.07773134233641696,-0.15890209607394748,-0.15963196375875957
1.29899838942336,0.5980540463415543,-0.24919488336367007,-0.18127781204598936,-0.1815101422114099
0.2635263126084458,0.6595591419203674,-0.4371850307549954,-0.1924656700320103,-0.1924492314377351
-0.7719457642064684,0.7825693330779933,-0.6974790809891377,-0.18127781204598936,-0.1815101422114099
1.29899838942336,0.6595591419203674,-1.0672618983852615,-0.22602924399007313,-0.2252664991167106
0.2635263126084458,0.7825693330779933,-1.1829481429337692,-0.1924656700320103,-0.1924492314377351
-0.7719457642064684,0.7210642374991802,-1.2283963104349684,-0.18127781204598936,-0.1815101422114099
1.29899838942336,0.7210642374991802,-1.2366596136170045,-0.1700899540599684,-0.17057105298508474
-0.7719457642064684,0.5980540463415543,-1.2366596136170045,-0.1141506641298637,-0.11368778900819385
1.29899838942336,0.5365489507627359,-1.24698874259455,-0.09177494815782182,-0.09180961055554351
1.29899838942336,0.5980540463415543,-1.263515348958623,-0.06939923218577994,-0.06993143210289317
-1.807417841021346,0.47504385518392295,-1.2366596136170045,-0.09177494815782182,-0.09180961055554351
1.29899838942336,0.5980540463415543,-1.2283963104349684,-0.10296280614384276,-0.10274869978186868
-0.7719457642064684,0.5365489507627359,-1.2201330072529324,-0.10296280614384276,-0.10274869978186868
-0.7719457642064684,0.5365489507627359,-1.2098038782753868,-0.1365263801019056,-0.1355659674608442
1.29899838942336,0.5980540463415543,-1.2098038782753868,-0.1700899540599684,-0.17057105298508474
1.29899838942336,0.5365489507627359,-1.2201330072529324,-0.1700899540599684,-0.17057105298508474
0.2635263126084458,0.41353875960511,-1.1932772719113147,-0.18127781204598936,-0.1815101422114099
-1.807417841021346,0.5365489507627359,-1.2015405750933508,-0.1924656700320103,-0.1924492314377351
1.29899838942336,0.41353875960511,-1.2015405750933508,-0.1924656700320103,-0.1924492314377351
-0.7719457642064684,0.35203366402629704,-1.174684839751733,-0.20365352801803124,-0.20338832066406026
-0.7719457642064684,0.35203366402629704,-1.1829481429337692,-0.21484138600405217,-0.21432740989038543
1.29899838942336,0.2905285684474786,-1.2015405750933508,-0.23721710197609405,-0.23620558834303576
0.2635263126084458,0.41353875960511,-1.1643557107741875,-0.22602924399007313,-0.2252664991167106
-0.7719457642064684,0.35203366402629704,-1.1829481429337692,-0.248404959962115,-0.249332495414626
1.29899838942336,0.35203366402629704,-1.174684839751733,-0.22602924399007313,-0.2252664991167106
-0.7719457642064684,0.35203366402629704,-1.1643557107741875,-0.248404959962115,-0.249332495414626
-0.7719457642064684,0.2905285684474786,-1.174684839751733,-0.25959281794813593,-0.2602715846409511
0.2635263126084458,0.2905285684474786,-1.1643557107741875,-0.2707806759341569,-0.2712106738672763
-0.7719457642064684,0.41353875960511,-1.1560924075921515,-0.29315639190619874,-0.29308885231992665
-1.807417841021346,0.41353875960511,-1.1643557107741875,-0.28196853392017784,-0.2821497630936015
0.2635263126084458,0.41353875960511,-1.1643557107741875,-0.3043442498922197,-0.30402794154625185
0.2635263126084458,0.41353875960511,-1.1560924075921515,-0.3043442498922197,-0.30402794154625185
-0.7719457642064684,0.35203366402629704,-1.174684839751733,-0.28196853392017784,-0.2821497630936015
0.2635263126084458,0.2905285684474786,-1.1643557107741875,-0.29315639190619874,-0.29308885231992665
-0.7719457642064684,0.35203366402629704,-1.1560924075921515,-0.28196853392017784,-0.2821497630936015
-0.7719457642064684,0.22902347286866567,-1.1560924075921515,-0.31553210787824065,-0.314967030772577
1.29899838942336,0.22902347286866567,-1.1560924075921515,-0.32671996586426133,-0.3259061199989022
-1.807417841021346,0.1675183772898527,-1.1643557107741875,-0.32671996586426133,-0.3259061199989022
1.29899838942336,0.10601328171103974,-1.1643557107741875,-0.36028353982232414,-0.3609112055231427
1.29899838942336,0.1675183772898527,-1.174684839751733,-0.36028353982232414,-0.3609112055231427
1.29899838942336,0.22902347286866567,-1.1643557107741875,-0.3714713978083451,-0.3718502947494679
-0.7719457642064684,0.35203366402629704,-1.1560924075921515,-0.36028353982232414,-0.3609112055231427
-0.7719457642064684,0.35203366402629704,-1.1643557107741875,-0.34909568183630324,-0.34997211629681757
1.29899838942336,0.41353875960511,-1.1560924075921515,-0.32671996586426133,-0.3259061199989022
-1.807417841021346,0.35203366402629704,-1.1643557107741875,-0.3043442498922197,-0.30402794154625185
1.29899838942336,0.41353875960511,-1.1643557107741875,-0.3043442498922197,-0.30402794154625185
1.29899838942336,0.41353875960511,-1.1560924075921515,-0.32671996586426133,-0.3259061199989022
-0.7719457642064684,0.35203366402629704,-0.9226540926996262,-0.3043442498922197,-0.30402794154625185
1.29899838942336,0.6595591419203674,-0.67062334564752,-0.29315639190619874,-0.29308885231992665
0.2635263126084458,0.5980540463415543,-0.4475141597325409,-0.3043442498922197,-0.30402794154625185
-0.7719457642064684,-0.14000710060421756,-0.2574581865457062,-0.3043442498922197,-0.30402794154625185
1.29899838942336,0.41353875960511,-0.06946803915438086,-0.3379078238502823,-0.33684520922522737
0.2635263126084458,0.9055795242356246,0.14537784357856215,-0.3043442498922197,-0.30402794154625185
-1.807417841021346,0.10601328171103974,0.3085780814237784,-0.29315639190619874,-0.29308885231992665
-0.7719457642064684,0.35203366402629704,0.46971249347348604,-0.29315639190619874,-0.29308885231992665
-0.7719457642064684,0.2905285684474786,0.6494393376827753,-0.2707806759341569,-0.2712106738672763
0.2635263126084458,0.47504385518392295,0.79404714336841,-0.29315639190619874,-0.29308885231992665
-0.7719457642064684,-2.108170159126276,0.9179966910989543,-0.2707806759341569,-0.2712106738672763
0.2635263126084458,-0.7550580563923636,1.0440120646250075,-0.248404959962115,-0.249332495414626
1.29899838942336,0.41353875960511,1.0977235353082428,-0.22602924399007313,-0.2252664991167106
0.2635263126084458,-0.0785020050254046,1.108052664285789,-0.1924656700320103,-0.1924492314377351
-0.7719457642064684,0.47504385518392295,1.1245792706498612,-0.18127781204598936,-0.1815101422114099
1.29899838942336,0.41353875960511,1.1245792706498612,-0.1700899540599684,-0.17057105298508474
0.2635263126084458,0.5980540463415543,1.1163159674678251,-0.15890209607394748,-0.15963196375875957
0.2635263126084458,0.6595591419203674,1.1617641349690244,-0.15890209607394748,-0.15963196375875957
0.2635263126084458,-0.0785020050254046,1.1617641349690244,-0.1365263801019056,-0.1355659674608442
-0.7719457642064684,-0.5090376740771062,1.1803565671286054,-0.1365263801019056,-0.1355659674608442
-0.7719457642064684,0.5980540463415543,1.1803565671286054,-0.12533852211588464,-0.12462687823451903
-0.7719457642064684,-0.016996909446591636,1.1886198703106414,-0.10296280614384276,-0.10274869978186868
0.2635263126084458,0.04450818613222132,1.1700274381510605,-0.09177494815782182,-0.09180961055554351
1.29899838942336,0.22902347286866567,1.1803565671286054,-0.058211374199759004,-0.058992342876567995
0.2635263126084458,0.35203366402629704,1.1886198703106414,-0.04702351621373806,-0.04586543580497779
0.2635263126084458,0.35203366402629704,1.2154756056522598,-0.03583565822771737,-0.034926346578652616
-0.7719457642064684,0.35203366402629704,1.2154756056522598,-0.04702351621373806,-0.04586543580497779
0.2635263126084458,0.35203366402629704,1.196883173492679,-0.06939923218577994,-0.06993143210289317
0.2635263126084458,-0.2015121961830305,1.1700274381510605,-0.03583565822771737,-0.034926346578652616
0.2635263126084458,0.6595591419203674,1.2072123024702237,-0.03583565822771737,-0.034926346578652616
0.2635263126084458,-0.14000710060421756,1.2072123024702237,0.008915773716366395,0.008830010326648069
0.2635263126084458,0.22902347286866567,1.2072123024702237,0.020103631702387336,0.01976909955297324
-1.807417841021346,0.5980540463415543,1.2072123024702237,0.03129148968840828,0.03070818877929841
1.29899838942336,0.1675183772898527,1.1886198703106414,0.05366720566045016,0.05477418507721379
0.2635263126084458,0.7210642374991802,1.1803565671286054,0.04247934767442922,0.04164727800562358
-0.7719457642064684,0.35203366402629704,1.223738908834296,0.04247934767442922,0.04164727800562358
1.29899838942336,0.04450818613222132,1.1886198703106414,0.08723077961851299,0.0875914527561893
1.29899838942336,0.22902347286866567,1.1886198703106414,0.09841863760453393,0.09853054198251447
1.29899838942336,0.35203366402629704,1.1886198703106414,0.07604292163249204,0.07665236352986413
0.2635263126084458,0.35203366402629704,1.1803565671286054,0.12079435357657581,0.12040872043516482
1.29899838942336,0.7825693330779933,1.1617641349690244,0.08723077961851299,0.0875914527561893
0.2635263126084458,0.35203366402629704,1.1700274381510605,0.09841863760453393,0.09853054198251447
0.2635263126084458,-0.6320478652347321,1.2072123024702237,0.10960649559055487,0.10946963120883964
-0.7719457642064684,0.9055795242356246,1.2154756056522598,0.09841863760453393,0.09853054198251447
-0.7719457642064684,0.35203366402629704,1.2154756056522598,0.10960649559055487,0.10946963120883964
-0.7719457642064684,-0.14000710060421756,1.196883173492679,0.09841863760453393,0.09853054198251447
0.2635263126084458,-1.0625835342864338,1.196883173492679,0.07604292163249204,0.07665236352986413
0.2635263126084458,0.41353875960511,1.223738908834296,0.0648550636464711,0.06571327430353896
1.29899838942336,0.2905285684474786,1.2072123024702237,0.04247934767442922,0.04164727800562358
0.2635263126084458,-0.14000710060421756,1.2072123024702237,0.05366720566045016,0.05477418507721379
-0.7719457642064684,0.7825693330779933,1.196883173492679,0.0648550636464711,0.06571327430353896
1.29899838942336,0.10601328171103974,1.1617641349690244,0.08723077961851299,0.0875914527561893
0.2635263126084458,-0.4475325784982878,1.134908399627406,0.09841863760453393,0.09853054198251447
0.2635263126084458,0.8440744286568116,1.1803565671286054,0.10960649559055487,0.10946963120883964
-1.807417841021346,0.41353875960511,1.1886198703106414,0.13198221156259674,0.13134780966148998
1.29899838942336,-0.38602748291947486,1.1617641349690244,0.15435792753463862,0.15541380595940538
0.2635263126084458,0.7210642374991802,1.1803565671286054,0.21029721746474334,0.21010925209103123
-0.7719457642064684,0.5365489507627359,1.1617641349690244,0.22148507545076426,0.2210483413173564
1.29899838942336,-1.1855937254440596,1.1163159674678251,0.2662365073948478,0.2669925160679221
-0.7719457642064684,0.41353875960511,1.1163159674678251,0.2886122233668897,0.28887069452057246
-0.7719457642064684,0.2905285684474786,1.1431717028094421,0.2886122233668897,0.28887069452057246
0.2635263126084458,0.35203366402629704,1.134908399627406,0.31098793933893154,0.3107488729732228
0.2635263126084458,0.22902347286866567,1.134908399627406,0.3221757973249525,0.321687962199548
0.2635263126084458,0.22902347286866567,1.1245792706498612,0.33336365531097345,0.3326270514258731
0.2635263126084458,-0.5090376740771062,1.0977235353082428,0.3445515132969944,0.3435661406521983
1.29899838942336,0.7825693330779933,1.1245792706498612,0.3557393712830153,0.3566930477237885
0.2635263126084458,0.04450818613222132,1.1163159674678251,0.3557393712830153,0.3566930477237885
0.2635263126084458,0.6595591419203674,1.108052664285789,0.38930294524107817,0.38951031540276404
0.2635263126084458,0.5365489507627359,1.1163159674678251,0.422866519199141,0.42232758308173957
0.2635263126084458,0.22902347286866567,1.0894602321262068,0.4564300931572038,0.4573326686059801
-0.7719457642064684,0.04450818613222132,1.0708677999666258,0.4788058091292457,0.47921084705863043
0.2635263126084458,0.7825693330779933,1.108052664285789,0.4788058091292457,0.47921084705863043
1.29899838942336,0.6595591419203674,1.0894602321262068,0.5235572410733292,0.5229672039639311
1.29899838942336,-0.3245223873406619,1.0977235353082428,0.5906843889894549,0.5907895571671472
-0.7719457642064684,0.9670846198144376,1.0977235353082428,0.5794965310034339,0.579850467940822
-0.7719457642064684,0.5980540463415543,1.0626044967845882,0.6018722469754758,0.6017286463934723
0.2635263126084458,-2.3541905414415334,1.0006297229193168,0.6130601049614968,0.6082920999292675
-0.7719457642064684,0.41353875960511,1.017156329283389,0.6242479629475176,0.6301702783819177
-0.7719457642064684,0.7210642374991802,1.0626044967845882,0.6578115369055805,0.6520484568345681
0.2635263126084458,0.5365489507627359,1.0708677999666258,0.6466236789195595,0.6520484568345681
0.2635263126084458,0.1675183772898527,1.0708677999666258,0.6801872528776224,0.6739266352872185
-0.7719457642064684,0.22902347286866567,1.0440120646250075,0.6689993948916012,0.6739266352872185
0.2635263126084458,0.8440744286568116,1.0357487614429715,0.6689993948916012,0.6739266352872185
0.2635263126084458,0.41353875960511,1.0006297229193168,0.6801872528776224,0.6739266352872185
0.2635263126084458,0.10601328171103974,0.9014700847348814,0.7025629688496643,0.6958048137398688
-0.7719457642064684,0.6595591419203674,0.7485989758672107,0.7361265428077268,0.7395611706451695
-0.7719457642064684,0.35203366402629704,0.5771354348399576,0.747314400793748,0.7395611706451695
-0.7719457642064684,0.7825693330779933,0.39740859063066836,0.7808779747518105,0.7833175275504702
0.2635263126084458,-1.6776344900745743,0.20115514005730692,0.89275655461202,0.892708419813722
0.2635263126084458,0.41353875960511,0.029691599030054545,0.9375079865561038,0.9364647767190226
0.2635263126084458,0.7825693330779933,-0.13144281301965308,1.01582299245825,1.023977490529624
1.29899838942336,-0.3245223873406619,-0.32976208938852386,1.0605744244023338,1.0677338474349247
1.29899838942336,0.22902347286866567,-0.5177522367798492,1.01582299245825,1.023977490529624
1.29899838942336,0.35203366402629704,-0.7780462870139915,1.0270108504442712,1.023977490529624
0.2635263126084458,0.35203366402629704,-1.1478291044101148,1.0605744244023338,1.0677338474349247
1.29899838942336,0.5365489507627359,-1.2903710843002407,1.1277015723184596,1.1333683827928758
0.2635263126084458,0.47504385518392295,-1.3172268196418584,1.1836408622485646,1.1771247396981763
0.2635263126084458,0.6595591419203674,-1.327555948619404,1.1724530042625432,1.1771247396981763
-0.7719457642064684,0.7210642374991802,-1.327555948619404,1.2060165782206063,1.1990029181508266
1.29899838942336,0.7825693330779933,-1.3172268196418584,1.1724530042625432,1.1771247396981763
0.2635263126084458,0.7825693330779933,-1.3172268196418584,1.1612651462765227,1.155246561245526
0.2635263126084458,-0.4475325784982878,-1.3172268196418584,1.1836408622485646,1.1771247396981763
0.2635263126084458,-0.8780682475499895,-1.3089635164598223,1.1724530042625432,1.1771247396981763
-0.7719457642064684,0.35203366402629704,-1.3440825549834767,1.2060165782206063,1.1990029181508266
0.2635263126084458,-0.5090376740771062,-1.327555948619404,1.2283922941926477,1.220881096603477
1.29899838942336,-0.0785020050254046,-1.3172268196418584,1.2283922941926477,1.220881096603477
-0.7719457642064684,-2.477200732599159,-1.389530722484676,1.239580152178669,1.2427592750561274
0.2635263126084458,-0.38602748291947486,-1.3626749871430583,1.2507680101646896,1.2427592750561274
-0.7719457642064684,0.47504385518392295,-1.300700213277786,1.2731437261367315,1.2646374535087777
0.2635263126084458,0.5980540463415543,-1.2903710843002407,1.2619558681507108,1.2646374535087777
0.2635263126084458,0.7210642374991802,-1.2738444779361684,1.2507680101646896,1.2427592750561274
-0.7719457642064684,0.8440744286568116,-1.263515348958623,1.239580152178669,1.2427592750561274
-1.807417841021346,-1.0010784387076208,-1.2738444779361684,1.217204436206627,1.220881096603477
0.2635263126084458,-0.26301729176184896,-1.300700213277786,1.2060165782206063,1.1990029181508266
0.2635263126084458,0.22902347286866567,-1.2738444779361684,1.194828720234585,1.1990029181508266
-0.7719457642064684,0.2905285684474786,-1.2821077811182047,1.217204436206627,1.220881096603477
-0.7719457642064684,0.2905285684474786,-1.2821077811182047,1.217204436206627,1.220881096603477
1.29899838942336,0.35203366402629704,-1.2738444779361684,1.1612651462765227,1.155246561245526
-0.7719457642064684,0.47504385518392295,-1.263515348958623,1.194828720234585,1.1990029181508266
1.29899838942336,0.6595591419203674,-1.255252045776587,1.1612651462765227,1.155246561245526
-1.807417841021346,0.7210642374991802,-1.263515348958623,1.217204436206627,1.220881096603477
-0.7719457642064684,0.7825693330779933,-1.255252045776587,1.2283922941926477,1.220881096603477
1.29899838942336,0.7210642374991802,-1.255252045776587,1.2283922941926477,1.220881096603477
-0.7719457642064684,-0.9395733431288024,-1.2366596136170045,1.2283922941926477,1.220881096603477
-1.807417841021346,0.1675183772898527,-1.2821077811182047,1.1836408622485646,1.1771247396981763
0.2635263126084458,-0.016996909446591636,-1.2738444779361684,1.1724530042625432,1.1771247396981763
0.2635263126084458,-0.14000710060421756,-1.24698874259455,1.1612651462765227,1.155246561245526
-0.7719457642064684,0.2905285684474786,-1.263515348958623,1.194828720234585,1.1990029181508266
-0.7719457642064684,0.22902347286866567,-1.24698874259455,1.1500772882905015,1.155246561245526
1.29899838942336,0.2905285684474786,-1.24698874259455,1.1277015723184596,1.1333683827928758
0.2635263126084458,0.41353875960511,-1.263515348958623,1.1277015723184596,1.1333683827928758
1.29899838942336,0.5365489507627359,-1.2366596136170045,1.094137998360397,1.089612025887575
0.2635263126084458,0.5980540463415543,-1.2283963104349684,1.1612651462765227,1.155246561245526
-0.7719457642064684,0.7210642374991802,-1.2201330072529324,1.1724530042625432,1.1771247396981763
0.2635263126084458,0.7825693330779933,-1.2201330072529324,1.1612651462765227,1.155246561245526
1.29899838942336,-0.016996909446591636,-1.2201330072529324,1.1388894303044808,1.1333683827928758
1.29899838942336,0.2905285684474786,-1.2366596136170045,1.1388894303044808,1.1333683827928758
1.29899838942336,-0.5090376740771062,-1.2283963104349684,1.1612651462765227,1.155246561245526
-0.7719457642064684,0.10601328171103974,-1.24698874259455,1.1388894303044808,1.1333683827928758
-0.7719457642064684,0.04450818613222132,-1.24698874259455,1.1500772882905015,1.155246561245526
1.29899838942336,0.22902347286866567,-1.263515348958623,1.1388894303044808,1.1333683827928758
0.2635263126084458,0.2905285684474786,-1.2366596136170045,1.1836408622485646,1.1771247396981763
0.2635263126084458,0.41353875960511,-1.2738444779361684,1.1724530042625432,1.1771247396981763
0.2635263126084458,0.5980540463415543,-1.255252045776587,1.2060165782206063,1.1990029181508266
1.29899838942336,0.7825693330779933,-0.9949579955424439,1.1836408622485646,1.1771247396981763
0.2635263126084458,0.2905285684474786,-0.7697829838319554,1.1612651462765227,1.155246561245526
-0.7719457642064684,-0.016996909446591636,-0.5549371010990124,1.1612651462765227,1.155246561245526
-0.7719457642064684,0.47504385518392295,-0.33802539257055997,1.1053258563464177,1.1114902043402253
0.2635263126084458,-1.0010784387076208,-0.15003524517923467,1.0605744244023338,1.0677338474349247
1.29899838942336,0.04450818613222132,0.06481063755370833,1.0605744244023338,1.0677338474349247
-0.7719457642064684,0.7210642374991802,0.2631299139225791,1.0493865664163131,1.0458556689822742
-1.807417841021346,0.1675183772898527,0.4077377196082138,1.1165137143324388,1.1114902043402253
0.2635263126084458,0.41353875960511,0.5957278669995392,1.1165137143324388,1.1114902043402253
1.29899838942336,0.47504385518392295,0.7837180143908644,1.1165137143324388,1.1114902043402253
0.2635263126084458,0.5980540463415543,0.8560219172336822,1.1500772882905015,1.155246561245526
-0.7719457642064684,0.8440744286568116,1.008893026101353,1.1612651462765227,1.155246561245526
-0.7719457642064684,-0.0785020050254046,1.0543411936025522,1.2283922941926477,1.220881096603477
-0.7719457642064684,-0.26301729176184896,1.0708677999666258,1.194828720234585,1.1990029181508266
-0.7719457642064684,0.5980540463415543,1.0894602321262068,1.1612651462765227,1.155246561245526
0.2635263126084458,0.47504385518392295,1.0708677999666258,1.1500772882905015,1.155246561245526
1.29899838942336,-0.9395733431288024,1.0543411936025522,1.1277015723184596,1.1333683827928758
-0.7719457642064684,0.41353875960511,1.0894602321262068,1.1388894303044808,1.1333683827928758
-0.7719457642064684,0.10601328171103974,1.0977235353082428,1.1277015723184596,1.1333683827928758
0.2635263126084458,0.9055795242356246,1.0977235353082428,1.1388894303044808,1.1333683827928758
0.2635263126084458,0.6595591419203674,1.1163159674678251,1.1388894303044808,1.1333683827928758
0.2635263126084458,0.22902347286866567,1.1163159674678251,1.1277015723184596,1.1333683827928758
0.2635263126084458,0.5980540463415543,1.0894602321262068,1.194828720234585,1.1990029181508266
-0.7719457642064684,0.04450818613222132,1.108052664285789,1.2507680101646896,1.2427592750561274
-0.7719457642064684,-0.6935529608135451,1.134908399627406,1.2843315841227527,1.2865156319614282
-0.7719457642064684,0.5365489507627359,1.1163159674678251,1.2955194421087735,1.2865156319614282
0.2635263126084458,0.47504385518392295,1.1163159674678251,1.3178951580808154,1.3083938104140784
-0.7719457642064684,0.5365489507627359,1.1617641349690244,1.3178951580808154,1.3083938104140784
1.29899838942336,-2.415695637020346,0.9551815554181176,1.3067073000947946,1.3083938104140784
-0.7719457642064684,0.1675183772898527,1.0626044967845882,1.3178951580808154,1.3083938104140784
-0.7719457642064684,0.6595591419203674,1.134908399627406,1.3514587320388782,1.3521501673193792
0.2635263126084458,0.5980540463415543,1.134908399627406,1.396210163982962,1.3959065242246798
1.29899838942336,0.41353875960511,1.1245792706498612,1.4297737379410247,1.4396628811299805
-0.7719457642064684,0.7210642374991802,1.1617641349690244,1.4857130278711297,1.483419238035281
-0.7719457642064684,-2.7232211149144163,1.0274854582609345,1.4745251698851085,1.483419238035281
2.3344704662382374,0.2905285684474786,1.0977235353082428,1.541652317801234,1.5490537733932321
0.2635263126084458,0.5365489507627359,1.134908399627406,1.564028033773276,1.5709319518458826
0.2635263126084458,0.41353875960511,1.134908399627406,1.6199673237033805,1.6146883087511832
1.29899838942336,0.5980540463415543,1.134908399627406,1.6423430396754224,1.6365664872038335
1.29899838942336,0.7825693330779933,1.1163159674678251,1.6647187556474643,1.658444665656484
0.2635263126084458,-2.29268544586272,1.0440120646250075,1.720658045577569,1.724079201014435
-0.7719457642064684,0.5365489507627359,1.0977235353082428,1.743033761549611,1.7459573794670853
-0.7719457642064684,0.1675183772898527,1.1163159674678251,1.7877851934936944,1.789713736372386
-0.7719457642064684,0.7825693330779933,1.134908399627406,1.7877851934936944,1.789713736372386
-0.7719457642064684,0.47504385518392295,1.1163159674678251,1.765409477521653,1.7678355579197356
0.2635263126084458,0.5980540463415543,1.0977235353082428,1.720658045577569,1.724079201014435
0.2635263126084458,0.7825693330779933,1.0543411936025522,1.720658045577569,1.724079201014435
0.2635263126084458,0.6595591419203674,1.0811969289441707,1.7318459035635898,1.724079201014435
1.29899838942336,0.1675183772898527,1.0977235353082428,1.765409477521653,1.7678355579197356
0.2635263126084458,0.6595591419203674,1.134908399627406,1.7989730514797155,1.789713736372386
-0.7719457642064684,0.10601328171103974,1.0977235353082428,1.8101609094657363,1.8115919148250363
0.2635263126084458,-0.38602748291947486,1.0977235353082428,1.765409477521653,1.7678355579197356
1.29899838942336,0.7825693330779933,1.0357487614429715,1.832536625437778,1.8334700932776866
-0.7719457642064684,0.04450818613222132,1.0626044967845882,1.832536625437778,1.8334700932776866
0.2635263126084458,-0.6320478652347321,1.0811969289441707,1.8549123414098199,1.855348271730337
0.2635263126084458,0.47504385518392295,1.0708677999666258,1.9108516313399249,1.920982807088288
0.2635263126084458,0.5365489507627359,1.0708677999666258,1.8772880573818618,1.8772264501829874
-0.7719457642064684,0.1675183772898527,1.0543411936025522,1.8996637733539037,1.8991046286356377
0.2635263126084458,0.10601328171103974,1.0006297229193168,1.9444152052979875,1.9428609855409384
0.2635263126084458,0.2905285684474786,1.0357487614429715,1.9891666372420713,1.986617342446239
1.29899838942336,0.47504385518392295,1.0543411936025522,2.067481643144218,2.0741300562568403
1.29899838942336,-0.38602748291947486,1.0357487614429715,2.067481643144218,2.0741300562568403
0.2635263126084458,0.7825693330779933,1.0626044967845882,2.0898573591162592,2.096008234709491
2.3344704662382374,0.22902347286866567,1.0274854582609345,2.0786695011302387,2.0741300562568403
1.29899838942336,-1.6776344900745743,0.9820372907597352,2.112233075088301,2.117886413162141
0.2635263126084458,0.22902347286866567,0.9903005939417714,2.1457966490463645,2.1397645916147914
0.2635263126084458,0.04450818613222132,1.017156329283389,2.1905480809904483,2.183520948520092
-0.7719457642064684,0.47504385518392295,1.0357487614429715,2.21292379696249,2.2053991269727424
0.2635263126084458,0.47504385518392295,1.0357487614429715,2.1457966490463645,2.1397645916147914
0.2635263126084458,-0.016996909446591636,1.017156329283389,2.1681723650184064,2.161642770067442
0.2635263126084458,0.6595591419203674,0.9634448586001536,2.21292379696249,2.2053991269727424
0.2635263126084458,0.2905285684474786,1.0006297229193168,2.21292379696249,2.2053991269727424
1.29899838942336,-0.8165631519711765,1.008893026101353,2.3359902348087203,2.3366681976886445
1.29899838942336,0.41353875960511,0.9903005939417714,2.3583659507807617,2.358546376141295
0.2635263126084458,-0.3245223873406619,1.0006297229193168,2.3248023768226997,2.314790019235994
0.2635263126084458,0.7210642374991802,1.017156329283389,2.391929524738825,2.4023027330465956
0.2635263126084458,0.7210642374991802,0.9448524264405721,2.391929524738825,2.4023027330465956
-0.7719457642064684,0.5365489507627359,0.9737739875776992,2.4031173827248455,2.4023027330465956
-0.7719457642064684,-0.2015121961830305,1.008893026101353,2.425493098696888,2.424180911499246
0.2635263126084458,0.6595591419203674,0.9634448586001536,2.414305240710866,2.424180911499246
0.2635263126084458,0.5980540463415543,1.008893026101353,2.414305240710866,2.424180911499246
-0.7719457642064684,0.35203366402629704,0.9820372907597352,2.4702445306409717,2.4679372684045466
0.2635263126084458,0.8440744286568116,0.9448524264405721,2.537371678557097,2.5335718037624977
-0.7719457642064684,0.41353875960511,0.9283258200764991,2.57093525251516,2.5773281606677982
-0.7719457642064684,0.1675183772898527,0.8209028787100277,2.6156866844592437,2.621084517573099
0.2635263126084458,0.7210642374991802,0.7031508083660106,2.6156866844592437,2.621084517573099
-0.7719457642064684,0.5980540463415543,0.5151606609746853,2.6604381164033275,2.6648408744784
0.2635263126084458,0.7825693330779933,0.38088198426659614,2.6604381164033275,2.6648408744784
-0.7719457642064684,-2.415695637020346,0.11025880505490836,2.5933109684872013,2.5992063391204487
0.2635263126084458,0.35203366402629704,-0.05087560699479927,2.582123110501181,2.5773281606677982
0.2635263126084458,0.41353875960511,-0.17689098052085236,2.5933109684872013,2.5992063391204487
0.2635263126084458,-0.5705427696559192,-0.3483545215481055,2.582123110501181,2.5773281606677982
1.29899838942336,0.35203366402629704,-0.5817928364406301,2.626874542445264,2.621084517573099
1.29899838942336,0.35203366402629704,-0.8338235834927362,2.582123110501181,2.5773281606677982
0.2635263126084458,0.41353875960511,-1.2015405750933508,2.5933109684872013,2.5992063391204487
-0.7719457642064684,0.7825693330779933,-1.3089635164598223,2.626874542445264,2.621084517573099
-0.7719457642064684,0.04450818613222132,-1.33581925180144,2.626874542445264,2.621084517573099
-0.7719457642064684,-0.14000710060421756,-1.3709382903250944,2.671625974389348,2.6648408744784
-1.807417841021346,-0.016996909446591636,-1.3626749871430583,2.638062400431285,2.6429626960257493
-1.807417841021346,0.47504385518392295,-1.3544116839610216,2.6604381164033275,2.6648408744784
0.2635263126084458,0.5365489507627359,-1.3440825549834767,2.626874542445264,2.621084517573099
0.2635263126084458,0.7210642374991802,-1.3440825549834767,2.638062400431285,2.6429626960257493
0.2635263126084458,0.22902347286866567,-1.327555948619404,2.6604381164033275,2.6648408744784
0.2635263126084458,0.5365489507627359,-1.3544116839610216,2.6156866844592437,2.621084517573099
0.2635263126084458,0.22902347286866567,-1.3544116839610216,2.6156866844592437,2.621084517573099
1.29899838942336,-0.016996909446591636,-1.3440825549834767,2.6156866844592437,2.621084517573099
0.2635263126084458,0.41353875960511,-1.327555948619404,2.5933109684872013,2.5992063391204487
1.29899838942336,0.5980540463415543,-1.3089635164598223,2.57093525251516,2.5773281606677982
1.29899838942336,0.7825693330779933,-1.3089635164598223,2.626874542445264,2.621084517573099
0.2635263126084458,0.22902347286866567,-1.3172268196418584,2.582123110501181,2.5773281606677982
-0.7719457642064684,0.2905285684474786,-1.327555948619404,2.5933109684872013,2.5992063391204487
-0.7719457642064684,0.35203366402629704,-1.3089635164598223,2.57093525251516,2.5773281606677982
-0.7719457642064684,0.47504385518392295,-1.3172268196418584,2.537371678557097,2.5335718037624977
-0.7719457642064684,0.6595591419203674,-1.3089635164598223,2.5485595365431175,2.5554499822151477
-0.7719457642064684,-0.6320478652347321,-1.300700213277786,2.5485595365431175,2.5554499822151477
1.29899838942336,-0.38602748291947486,-1.3172268196418584,2.582123110501181,2.5773281606677982
-0.7719457642064684,0.35203366402629704,-1.3089635164598223,2.57093525251516,2.5773281606677982
