CELL,PAR_LIGHT,DO,PRE,OD
-0.9647489308162922,1.0795285875352478,-0.6892157778071015,0.8476657630828621,-0.9644278710674545
-0.9297438452920517,1.0795285875352478,-0.6892157778071015,0.8476657630828621,-0.9308642971093918
-0.8859874883867509,1.0795285875352478,-0.7346639453083008,0.8476657630828621,-0.8861128651653081
-0.8641093099341006,1.0795285875352478,-0.6272410039418294,0.8476657630828621,-0.8637371491932662
-0.8422311314814502,1.0795285875352478,-0.6086485717822477,0.8476657630828621,-0.8413614332212243
-0.7853478675045593,1.0795285875352478,-0.6086485717822477,0.8476657630828621,-0.7854221432911197
-0.7744087782782342,1.0795285875352478,-0.5817928364406301,0.8476657630828621,-0.7742342853050987
-0.7525305998255839,1.0795285875352478,-0.5714637074630846,0.8476657630828621,-0.7518585693330568
-0.7415915105992587,1.0795285875352478,-0.5632004042810485,0.8476657630828621,-0.7406707113470359
-0.7415915105992587,1.0795285875352478,-0.5094889335978123,0.8476657630828621,-0.7406707113470359
-0.7525305998255839,1.0795285875352478,-0.48263319825619466,0.8476657630828621,-0.7518585693330568
-0.763469689051909,1.0795285875352478,-0.46404076609661304,0.8476657630828621,-0.7630464273190778
-0.7853478675045593,1.0795285875352478,-0.4020659922313409,0.8476657630828621,-0.7854221432911197
-0.7853478675045593,1.0795285875352478,-0.39173686325379536,0.8476657630828621,-0.7854221432911197
-0.8181651351835348,1.0795285875352478,-0.3648811279121777,0.8476657630828621,-0.8189857172491823
-0.7853478675045593,1.0795285875352478,-0.33802539257055997,0.8476657630828621,-0.7854221432911197
-0.7853478675045593,1.0795285875352478,-0.32976208938852386,0.8476657630828621,-0.7854221432911197
-0.7962869567308846,1.0795285875352478,-0.42065842439092244,0.8476657630828621,-0.7966100012771407
-0.7744087782782342,1.0795285875352478,-0.3111696572289423,0.8476657630828621,-0.7742342853050987
-0.7853478675045593,1.0795285875352478,-0.26778731552325163,0.8476657630828621,-0.7854221432911197
-0.7853478675045593,1.0795285875352478,-0.2574581865457062,0.8476657630828621,-0.7854221432911197
-0.7962869567308846,1.0795285875352478,-0.2574581865457062,0.8476657630828621,-0.7966100012771407
-0.7962869567308846,1.0795285875352478,-0.28431392188732385,0.8476657630828621,-0.7966100012771407
-0.7744087782782342,1.0795285875352478,-0.27605061870528774,0.8476657630828621,-0.7742342853050987
-0.7962869567308846,1.0795285875352478,-0.27605061870528774,0.8476657630828621,-0.7966100012771407
-0.7853478675045593,1.0795285875352478,-0.22233914802205237,0.8476657630828621,-0.7854221432911197
-0.7853478675045593,1.0795285875352478,-0.23060245120408848,0.8476657630828621,-0.7854221432911197
-0.7853478675045593,1.0795285875352478,-0.2120100190445069,0.8476657630828621,-0.7854221432911197
-0.7744087782782342,1.0795285875352478,-0.20374671586247006,0.8476657630828621,-0.7742342853050987
-0.7744087782782342,1.0795285875352478,-0.23060245120408848,0.8476657630828621,-0.7742342853050987
-0.7744087782782342,1.0795285875352478,-0.23060245120408848,0.8476657630828621,-0.7742342853050987
-0.7962869567308846,0.6228275320146265,-0.26778731552325163,0.8476657630828621,-0.7966100012771407
-0.7853478675045593,0.6228275320146265,-0.27605061870528774,0.8476657630828621,-0.7854221432911197
-0.8181651351835348,0.16612647649400497,-0.32149878620648703,0.8476657630828621,-0.8189857172491823
-0.7962869567308846,0.16612647649400497,-0.38347356007175926,0.8476657630828621,-0.7966100012771407
-0.8291042244098601,-0.2905745790266165,-0.455777462914577,0.8476657630828621,-0.8301735752352033
-0.7962869567308846,-0.2905745790266165,-0.5363446689394308,0.8476657630828621,-0.7966100012771407
-0.8072260459572097,-0.7472756345472379,-0.5714637074630846,0.8476657630828621,-0.8077978592631616
-0.8072260459572097,-0.7472756345472379,-0.67062334564752,0.8476657630828621,-0.8077978592631616
-0.8422311314814502,-1.2039766900678595,-0.7615196806499193,0.8476657630828621,-0.8413614332212243
-0.8641093099341006,-1.2039766900678595,-0.8689426220163908,0.8476657630828621,-0.8637371491932662
-0.8641093099341006,-1.2039766900678595,-1.0569327694077162,-0.552912799762995,-0.8637371491932662
-0.8750483991604258,-1.2039766900678595,-1.1106442400909515,-0.552912799762995,-0.8749250071792871
-0.9078656668394013,-1.2039766900678595,-1.1478291044101148,0.8476657630828621,-0.9084885811373499
-0.8969265776130761,-1.2039766900678595,-1.1560924075921515,-0.552912799762995,-0.8973007231513289
-0.9188047560657264,-1.2039766900678595,-1.1478291044101148,-0.552912799762995,-0.9196764391233708
-0.8969265776130761,-1.2039766900678595,-1.1374999754325699,-0.552912799762995,-0.8973007231513289
-0.8859874883867509,-1.2039766900678595,-1.1643557107741875,-0.552912799762995,-0.8861128651653081
-0.8969265776130761,-1.2039766900678595,-1.174684839751733,-0.552912799762995,-0.8973007231513289
-0.9188047560657264,-1.2039766900678595,-1.1560924075921515,-0.552912799762995,-0.9196764391233708
-0.8969265776130761,-1.2039766900678595,-1.1643557107741875,-0.552912799762995,-0.8973007231513289
-0.9078656668394013,-1.2039766900678595,-1.1478291044101148,-0.552912799762995,-0.9084885811373499
-0.9297438452920517,-1.2039766900678595,-1.1643557107741875,-0.552912799762995,-0.9308642971093918
-0.9297438452920517,-1.2039766900678595,-1.1643557107741875,-0.552912799762995,-0.9308642971093918
-0.9428707523636418,-1.2039766900678595,-1.1560924075921515,-0.552912799762995,-0.9420521550954127
-0.9297438452920517,-1.2039766900678595,-1.1374999754325699,-0.552912799762995,-0.9308642971093918
-0.9647489308162922,-1.2039766900678595,-1.1643557107741875,-0.552912799762995,-0.9644278710674545
-0.953809841589967,-1.2039766900678595,-1.1478291044101148,-0.552912799762995,-0.9532400130814336
-0.9428707523636418,-1.2039766900678595,-1.1478291044101148,-0.552912799762995,-0.9420521550954127
-0.9647489308162922,-1.2039766900678595,-1.1374999754325699,-0.552912799762995,-0.9644278710674545
-0.953809841589967,-1.2039766900678595,-1.1643557107741875,-0.552912799762995,-0.9532400130814336
-0.953809841589967,-1.2039766900678595,-1.1292366722505331,-0.552912799762995,-0.9532400130814336
-0.9297438452920517,-1.2039766900678595,-1.1478291044101148,-0.552912799762995,-0.9308642971093918
-0.9428707523636418,-1.2039766900678595,-1.1478291044101148,-0.552912799762995,-0.9420521550954127
-0.9647489308162922,-1.2039766900678595,-1.1374999754325699,-0.552912799762995,-0.9644278710674545
-0.9647489308162922,-1.2039766900678595,-1.1560924075921515,-0.552912799762995,-0.9644278710674545
-0.9756880200426173,-1.2039766900678595,-1.1292366722505331,-0.552912799762995,-0.9756157290534754
-0.9975661984952677,-1.2039766900678595,-1.1292366722505331,-0.552912799762995,-0.9979914450255173
-0.9428707523636418,-1.2039766900678595,-1.1643557107741875,-0.552912799762995,-0.9420521550954127
-0.9756880200426173,-1.2039766900678595,-1.1560924075921515,-0.552912799762995,-0.9756157290534754
-0.9975661984952677,-1.2039766900678595,-1.1374999754325699,-0.552912799762995,-0.9979914450255173
-1.0085052877215928,-1.2039766900678595,-1.1829481429337692,-0.552912799762995,-1.0091793030115384
-1.019444376947918,-1.2039766900678595,-1.1560924075921515,-0.552912799762995,-1.020367160997559
-1.019444376947918,-1.2039766900678595,-1.1374999754325699,-0.552912799762995,-1.020367160997559
-1.019444376947918,-1.2039766900678595,-1.1560924075921515,-0.552912799762995,-1.020367160997559
-0.9866271092689425,-1.2039766900678595,-1.1829481429337692,-0.552912799762995,-0.9868035870394963
-0.9756880200426173,-1.2039766900678595,-1.1643557107741875,-0.552912799762995,-0.9756157290534754
-0.9756880200426173,-1.2039766900678595,-1.1829481429337692,-0.552912799762995,-0.9756157290534754
-0.9647489308162922,-1.2039766900678595,-1.174684839751733,0.8476657630828621,-0.9644278710674545
-0.9428707523636418,-1.2039766900678595,-1.174684839751733,0.8476657630828621,-0.9420521550954127
-0.953809841589967,-1.2039766900678595,-1.1560924075921515,0.8476657630828621,-0.9532400130814336
-0.9756880200426173,-1.2039766900678595,-1.1374999754325699,0.8476657630828621,-0.9756157290534754
-0.9866271092689425,-1.2039766900678595,-1.1478291044101148,0.8476657630828621,-0.9868035870394963
-0.9975661984952677,-1.2039766900678595,-1.1292366722505331,-0.552912799762995,-0.9979914450255173
-0.9975661984952677,-1.2039766900678595,-1.1209733690684969,-0.552912799762995,-0.9979914450255173
-0.9975661984952677,-1.2039766900678595,-1.1106442400909515,-0.552912799762995,-0.9979914450255173
-0.9975661984952677,-1.2039766900678595,-1.1106442400909515,-0.552912799762995,-0.9979914450255173
-1.0085052877215928,-1.2039766900678595,-1.1106442400909515,-0.552912799762995,-1.0091793030115384
-1.0085052877215928,-1.2039766900678595,-1.1106442400909515,-0.552912799762995,-1.0091793030115384
-1.0544494624721585,-1.2039766900678595,-1.1374999754325699,-0.552912799762995,-1.053930734955622
-1.0435103732458335,-1.2039766900678595,-1.1209733690684969,-0.552912799762995,-1.042742876969601
-1.0435103732458335,-1.2039766900678595,-0.9949579955424439,-0.552912799762995,-1.042742876969601
-1.019444376947918,-0.7472756345472379,-0.8875350541759723,-0.552912799762995,-1.020367160997559
-0.9975661984952677,-0.7472756345472379,-0.7697829838319554,-0.552912799762995,-0.9979914450255173
-1.019444376947918,-0.2905745790266165,-0.67062334564752,-0.552912799762995,-1.020367160997559
-0.9756880200426173,-0.2905745790266165,-0.6272410039418294,-0.552912799762995,-0.9756157290534754
-0.9756880200426173,0.16612647649400497,-0.5177522367798492,-0.552912799762995,-0.9756157290534754
-0.953809841589967,0.16612647649400497,-0.4475141597325409,-0.552912799762995,-0.9532400130814336
-0.9428707523636418,0.6228275320146265,-0.39173686325379536,0.8476657630828621,-0.9420521550954127
-0.953809841589967,0.6228275320146265,-0.33802539257055997,0.8476657630828621,-0.9532400130814336
-0.9188047560657264,1.0795285875352478,-0.2574581865457062,0.8476657630828621,-0.9196764391233708
-0.9078656668394013,1.0795285875352478,-0.23060245120408848,0.8476657630828621,-0.9084885811373499
-0.8969265776130761,1.0795285875352478,-0.16862767733881626,0.8476657630828621,-0.8973007231513289
-0.8641093099341006,1.0795285875352478,-0.12317950983761698,0.8476657630828621,-0.8637371491932662
-0.8291042244098601,1.0795285875352478,-0.12317950983761698,0.8476657630828621,-0.8301735752352033
-0.8291042244098601,1.0795285875352478,-0.10458707767803538,-0.552912799762995,-0.8301735752352033
-0.8531702207077755,1.0795285875352478,-0.06946803915438086,0.8476657630828621,-0.8525492912072452
-0.8291042244098601,1.0795285875352478,-0.09632377449599855,0.8476657630828621,-0.8301735752352033
-0.8641093099341006,1.0795285875352478,-0.06946803915438086,-0.552912799762995,-0.8637371491932662
-0.8291042244098601,1.0795285875352478,-0.015756568471145475,0.8476657630828621,-0.8301735752352033
-0.8422311314814502,1.0795285875352478,-0.005427439493599982,-0.552912799762995,-0.8413614332212243
-0.8422311314814502,1.0795285875352478,0.021428295848018444,0.8476657630828621,-0.8413614332212243
-0.8422311314814502,1.0795285875352478,0.002835863688436852,0.8476657630828621,-0.8413614332212243
-0.8291042244098601,1.0795285875352478,0.011099166870472951,0.8476657630828621,-0.8301735752352033
-0.8181651351835348,1.0795285875352478,0.06481063755370833,-0.552912799762995,-0.8189857172491823
-0.7853478675045593,1.0795285875352478,0.07513976653125383,0.8476657630828621,-0.7854221432911197
-0.7853478675045593,1.0795285875352478,0.06481063755370833,0.8476657630828621,-0.7854221432911197
-0.8072260459572097,1.0795285875352478,0.11852210823694445,0.8476657630828621,-0.8077978592631616
-0.8072260459572097,1.0795285875352478,0.13711454039652604,0.8476657630828621,-0.8077978592631616
-0.8181651351835348,1.0795285875352478,0.11852210823694445,0.8476657630828621,-0.8189857172491823
-0.8072260459572097,1.0795285875352478,0.14537784357856215,0.8476657630828621,-0.8077978592631616
-0.7962869567308846,1.0795285875352478,0.20115514005730692,-0.552912799762995,-0.7966100012771407
-0.8072260459572097,1.0795285875352478,0.20115514005730692,0.8476657630828621,-0.8077978592631616
-0.7962869567308846,1.0795285875352478,0.21768174642137986,0.8476657630828621,-0.7966100012771407
-0.8072260459572097,1.0795285875352478,0.23627417858096145,0.8476657630828621,-0.8077978592631616
-0.7962869567308846,1.0795285875352478,0.14537784357856215,0.8476657630828621,-0.7966100012771407
-0.763469689051909,1.0795285875352478,0.28998564926419684,0.8476657630828621,-0.7630464273190778
-0.7525305998255839,1.0795285875352478,0.34369711994743296,0.8476657630828621,-0.7518585693330568
-0.7525305998255839,1.0795285875352478,0.33543381676539685,0.8476657630828621,-0.7518585693330568
-0.763469689051909,1.0795285875352478,0.34369711994743296,-0.552912799762995,-0.7630464273190778
-0.763469689051909,1.0795285875352478,0.35196042312946907,-0.552912799762995,-0.7630464273190778
-0.763469689051909,1.0795285875352478,0.34369711994743296,0.8476657630828621,-0.7630464273190778
-0.7525305998255839,1.0795285875352478,0.37055285528905063,0.8476657630828621,-0.7518585693330568
-0.7415915105992587,1.0795285875352478,0.39740859063066836,0.8476657630828621,-0.7406707113470359
-0.7284646035276685,1.0795285875352478,0.4077377196082138,-0.552912799762995,-0.7294828533610149
-0.7175255143013433,1.0795285875352478,0.39740859063066836,-0.552912799762995,-0.7182949953749941
-0.6737691573960426,1.0795285875352478,0.39740859063066836,0.8476657630828621,-0.6735435634309103
-0.695647335848693,1.0795285875352478,0.42426432597228675,0.8476657630828621,-0.6959192794029522
-0.6847082466223678,1.0795285875352478,0.44285675813186837,0.8476657630828621,-0.6847314214169312
-0.6628300681697175,1.0795285875352478,0.46144919029144993,0.8476657630828621,-0.6623557054448894
-0.6737691573960426,1.0795285875352478,0.47797579665552214,0.8476657630828621,-0.6735435634309103
-0.6847082466223678,1.0795285875352478,0.47797579665552214,0.8476657630828621,-0.6847314214169312
-0.6737691573960426,1.0795285875352478,0.47797579665552214,0.8476657630828621,-0.6735435634309103
-0.6518909789433923,1.0795285875352478,0.4511200613139045,0.8476657630828621,-0.6511678474588685
-0.6628300681697175,1.0795285875352478,0.4965682288151037,0.8476657630828621,-0.6623557054448894
-0.6628300681697175,1.0795285875352478,0.5151606609746853,0.8476657630828621,-0.6623557054448894
-0.6518909789433923,1.0795285875352478,0.5151606609746853,0.8476657630828621,-0.6511678474588685
-0.6387640718718021,1.0795285875352478,0.5316872673387583,0.8476657630828621,-0.6399799894728476
-0.6387640718718021,1.0795285875352478,0.5316872673387583,0.8476657630828621,-0.6399799894728476
-0.6387640718718021,1.0795285875352478,0.39740859063066836,-0.552912799762995,-0.6399799894728476
-0.6518909789433923,1.0795285875352478,0.5688721316579214,-0.552912799762995,-0.6511678474588685
-0.6518909789433923,1.0795285875352478,0.6039911701815752,-0.552912799762995,-0.6511678474588685
-0.6059468041928265,1.0795285875352478,0.5771354348399576,-0.552912799762995,-0.6064164155147848
-0.5950077149665014,1.0795285875352478,0.5771354348399576,-0.552912799762995,-0.5952285575287638
-0.5840686257401763,1.0795285875352478,0.5957278669995392,0.8476657630828621,-0.5840406995427428
-0.6059468041928265,1.0795285875352478,0.5151606609746853,0.8476657630828621,-0.6064164155147848
-0.6278249826454769,1.0795285875352478,0.5957278669995392,0.8476657630828621,-0.6287921314868267
-0.6518909789433923,1.0795285875352478,0.5957278669995392,0.8476657630828621,-0.6511678474588685
-0.6278249826454769,1.0795285875352478,0.587464563817503,0.8476657630828621,-0.6287921314868267
-0.6059468041928265,1.0795285875352478,0.6039911701815752,0.8476657630828621,-0.6064164155147848
-0.6628300681697175,1.0795285875352478,0.5957278669995392,0.8476657630828621,-0.6623557054448894
-0.6168858934191517,1.0795285875352478,0.5502796994983399,0.8476657630828621,-0.6176042735008057
-0.5950077149665014,1.0795285875352478,0.5957278669995392,0.8476657630828621,-0.5952285575287638
-0.5840686257401763,1.0795285875352478,0.6039911701815752,0.8476657630828621,-0.5840406995427428
-0.5840686257401763,1.0795285875352478,0.6225836023411575,0.8476657630828621,-0.5840406995427428
-0.5950077149665014,1.0795285875352478,0.6039911701815752,-0.552912799762995,-0.5952285575287638
-0.5950077149665014,1.0795285875352478,0.5957278669995392,0.8476657630828621,-0.5952285575287638
-0.5950077149665014,1.0795285875352478,0.5316872673387583,0.8476657630828621,-0.5952285575287638
-0.5840686257401763,1.0795285875352478,0.5957278669995392,0.8476657630828621,-0.5840406995427428
-0.5840686257401763,1.0795285875352478,0.6143202991591207,0.8476657630828621,-0.5840406995427428
-0.573129536513851,1.0795285875352478,0.5957278669995392,0.8476657630828621,-0.5728528415567219
-0.5621904472875259,1.0795285875352478,0.587464563817503,0.8476657630828621,-0.5616649835707009
-0.5950077149665014,1.0795285875352478,0.5771354348399576,0.8476657630828621,-0.5952285575287638
-0.5950077149665014,1.0795285875352478,0.5585430026803759,0.8476657630828621,-0.5952285575287638
-0.5840686257401763,0.6228275320146265,0.5420163963163037,0.8476657630828621,-0.5840406995427428
-0.5512513580612007,0.6228275320146265,0.48830492563306765,0.8476657630828621,-0.5504771255846801
-0.5162462725369602,0.6228275320146265,0.33543381676539685,0.8476657630828621,-0.5169135516266173
-0.4943680940843098,0.16612647649400497,0.21768174642137986,0.8476657630828621,-0.49453783565457543
-0.505307183310635,0.16612647649400497,0.09166637289532677,0.8476657630828621,-0.5057256936405964
-0.5512513580612007,-0.2905745790266165,-0.11491620665558014,0.8476657630828621,-0.5504771255846801
-0.505307183310635,-0.2905745790266165,-0.18515428370288847,0.8476657630828621,-0.5057256936405964
-0.4374848301074189,-0.7472756345472379,-0.27605061870528774,-0.552912799762995,-0.43859854572447077
-0.39372847320211823,-0.7472756345472379,-0.42892172757295927,-0.552912799762995,-0.393847113780387
-0.34997211629681757,-1.2039766900678595,-0.5817928364406301,-0.552912799762995,-0.34909568183630324
-0.42654574088109376,-1.2039766900678595,-0.7883754159915369,-0.552912799762995,-0.4274106877384498
-0.505307183310635,-1.2039766900678595,-1.1106442400909515,-0.552912799762995,-0.5057256936405964
-0.5381244509896105,-1.2039766900678595,-1.2098038782753868,-0.552912799762995,-0.5392892675986591
-0.5512513580612007,-1.2039766900678595,-1.2283963104349684,-0.552912799762995,-0.5504771255846801
-0.573129536513851,-1.2039766900678595,-1.263515348958623,-0.552912799762995,-0.5728528415567219
-0.5950077149665014,-1.2039766900678595,-1.2366596136170045,-0.552912799762995,-0.5952285575287638
-0.6278249826454769,-1.2039766900678595,-1.263515348958623,-0.552912799762995,-0.6287921314868267
-0.6059468041928265,-1.2039766900678595,-1.255252045776587,-0.552912799762995,-0.6064164155147848
-0.6518909789433923,-1.2039766900678595,-1.24698874259455,-0.552912799762995,-0.6511678474588685
-0.6059468041928265,-1.2039766900678595,-1.2283963104349684,-0.552912799762995,-0.6064164155147848
-0.6168858934191517,-1.2039766900678595,-1.24698874259455,-0.552912799762995,-0.6176042735008057
-0.6059468041928265,-1.2039766900678595,-1.2015405750933508,-0.552912799762995,-0.6064164155147848
-0.6168858934191517,-1.2039766900678595,-1.2098038782753868,-0.552912799762995,-0.6176042735008057
-0.6518909789433923,-1.2039766900678595,-1.2098038782753868,-0.552912799762995,-0.6511678474588685
-0.6737691573960426,-1.2039766900678595,-1.2015405750933508,-0.552912799762995,-0.6735435634309103
-0.6628300681697175,-1.2039766900678595,-1.1829481429337692,-0.552912799762995,-0.6623557054448894
-0.6628300681697175,-1.2039766900678595,-1.2015405750933508,-0.552912799762995,-0.6623557054448894
-0.6628300681697175,-1.2039766900678595,-1.1932772719113147,-0.552912799762995,-0.6623557054448894
-0.6628300681697175,-1.2039766900678595,-1.1829481429337692,-0.552912799762995,-0.6623557054448894
-0.695647335848693,-1.2039766900678595,-1.1829481429337692,-0.552912799762995,-0.6959192794029522
-0.6737691573960426,-1.2039766900678595,-1.174684839751733,-0.552912799762995,-0.6735435634309103
-0.7065864250750181,-1.2039766900678595,-1.1643557107741875,-0.552912799762995,-0.7071071373889731
-0.695647335848693,-1.2039766900678595,-1.1560924075921515,-0.552912799762995,-0.6959192794029522
-0.6847082466223678,-1.2039766900678595,-1.1829481429337692,-0.552912799762995,-0.6847314214169312
-0.695647335848693,-1.2039766900678595,-1.1478291044101148,-0.552912799762995,-0.6959192794029522
-0.6847082466223678,-1.2039766900678595,-1.1643557107741875,-0.552912799762995,-0.6847314214169312
-0.7065864250750181,-1.2039766900678595,-1.1478291044101148,-0.552912799762995,-0.7071071373889731
-0.6847082466223678,-1.2039766900678595,-1.1478291044101148,-0.552912799762995,-0.6847314214169312
-0.6847082466223678,-1.2039766900678595,-1.1374999754325699,-0.552912799762995,-0.6847314214169312
-0.6737691573960426,-1.2039766900678595,-1.1478291044101148,-0.552912799762995,-0.6735435634309103
-0.6847082466223678,-1.2039766900678595,-1.1374999754325699,-0.552912799762995,-0.6847314214169312
-0.695647335848693,-1.2039766900678595,-1.1478291044101148,-0.552912799762995,-0.6959192794029522
-0.7065864250750181,-1.2039766900678595,-1.1560924075921515,-0.552912799762995,-0.7071071373889731
-0.7284646035276685,-1.2039766900678595,-1.1292366722505331,-0.552912799762995,-0.7294828533610149
-0.7065864250750181,-1.2039766900678595,-1.1478291044101148,-0.552912799762995,-0.7071071373889731
-0.7175255143013433,-1.2039766900678595,-1.1374999754325699,-0.552912799762995,-0.7182949953749941
-0.7175255143013433,-1.2039766900678595,-1.1478291044101148,-0.552912799762995,-0.7182949953749941
-0.7415915105992587,-1.2039766900678595,-1.1374999754325699,-0.552912799762995,-0.7406707113470359
-0.7525305998255839,-1.2039766900678595,-1.1374999754325699,-0.552912799762995,-0.7518585693330568
-0.763469689051909,-1.2039766900678595,-1.1106442400909515,-0.552912799762995,-0.7630464273190778
-0.7744087782782342,-1.2039766900678595,-1.1209733690684969,-0.552912799762995,-0.7742342853050987
-0.7853478675045593,-1.2039766900678595,-1.1478291044101148,-0.552912799762995,-0.7854221432911197
-0.7744087782782342,-1.2039766900678595,-1.1209733690684969,-0.552912799762995,-0.7742342853050987
-0.7744087782782342,-1.2039766900678595,-1.2015405750933508,-0.552912799762995,-0.7742342853050987
-0.7415915105992587,-1.2039766900678595,-1.1932772719113147,-0.552912799762995,-0.7406707113470359
-0.695647335848693,-1.2039766900678595,-1.1560924075921515,-0.552912799762995,-0.6959192794029522
-0.695647335848693,-1.2039766900678595,-1.1374999754325699,-0.552912799762995,-0.6959192794029522
-0.6737691573960426,-1.2039766900678595,-1.1374999754325699,-0.552912799762995,-0.6735435634309103
-0.6847082466223678,-1.2039766900678595,-1.1374999754325699,-0.552912799762995,-0.6847314214169312
-0.695647335848693,-1.2039766900678595,-1.1560924075921515,-0.552912799762995,-0.6959192794029522
-0.6518909789433923,-1.2039766900678595,-1.1560924075921515,-0.552912799762995,-0.6511678474588685
-0.6278249826454769,-1.2039766900678595,-0.930917395881663,-0.552912799762995,-0.6287921314868267
-0.5950077149665014,-1.2039766900678595,-0.7243348163307561,-0.552912799762995,-0.5952285575287638
-0.6387640718718021,-0.7472756345472379,-0.5177522367798492,-0.552912799762995,-0.6399799894728476
-0.6847082466223678,-0.7472756345472379,-0.33802539257055997,-0.552912799762995,-0.6847314214169312
-0.6847082466223678,-0.2905745790266165,-0.19548341268043395,-0.552912799762995,-0.6847314214169312
-0.6737691573960426,-0.2905745790266165,-0.024019871653181573,-0.552912799762995,-0.6735435634309103
-0.6847082466223678,0.16612647649400497,0.13711454039652604,-0.552912799762995,-0.6847314214169312
-0.6518909789433923,0.16612647649400497,0.28172234608216074,-0.552912799762995,-0.6511678474588685
-0.6628300681697175,0.6228275320146265,0.43459345494983226,-0.552912799762995,-0.6623557054448894
-0.6628300681697175,0.6228275320146265,0.5957278669995392,-0.552912799762995,-0.6623557054448894
-0.6387640718718021,1.0795285875352478,0.7114141115480475,-0.552912799762995,-0.6399799894728476
-0.6518909789433923,1.0795285875352478,0.802310446550446,-0.552912799762995,-0.6511678474588685
-0.6168858934191517,1.0795285875352478,0.8477586140516461,-0.552912799762995,-0.6176042735008057
-0.6278249826454769,1.0795285875352478,0.8642852204157182,-0.552912799762995,-0.6287921314868267
-0.5950077149665014,1.0795285875352478,0.891140955757336,-0.552912799762995,-0.5952285575287638
-0.5840686257401763,1.0795285875352478,0.9014700847348814,-0.552912799762995,-0.5840406995427428
-0.5840686257401763,1.0795285875352478,0.8477586140516461,-0.552912799762995,-0.5840406995427428
-0.573129536513851,1.0795285875352478,0.9179966910989543,-0.552912799762995,-0.5728528415567219
-0.5271853617632853,1.0795285875352478,0.9551815554181176,-0.552912799762995,-0.5281014096126383
-0.5162462725369602,1.0795285875352478,0.9365891232585359,-0.552912799762995,-0.5169135516266173
-0.5162462725369602,1.0795285875352478,0.9448524264405721,-0.552912799762995,-0.5169135516266173
-0.5162462725369602,1.0795285875352478,0.9634448586001536,-0.552912799762995,-0.5169135516266173
-0.505307183310635,1.0795285875352478,0.9551815554181176,-0.552912799762995,-0.5057256936405964
-0.4834290048579846,1.0795285875352478,0.9634448586001536,-0.552912799762995,-0.48334997766855453
-0.5162462725369602,1.0795285875352478,0.9737739875776992,-0.552912799762995,-0.5169135516266173
-0.505307183310635,1.0795285875352478,0.9903005939417714,-0.552912799762995,-0.5057256936405964
-0.5162462725369602,1.0795285875352478,1.0274854582609345,-0.552912799762995,-0.5169135516266173
-0.5381244509896105,1.0795285875352478,1.017156329283389,-0.552912799762995,-0.5392892675986591
-0.5162462725369602,1.0795285875352478,0.891140955757336,-0.552912799762995,-0.5169135516266173
-0.5162462725369602,1.0795285875352478,0.9737739875776992,-0.552912799762995,-0.5169135516266173
-0.5271853617632853,1.0795285875352478,1.0543411936025522,-0.552912799762995,-0.5281014096126383
-0.4943680940843098,1.0795285875352478,1.0543411936025522,-0.552912799762995,-0.49453783565457543
-0.4943680940843098,1.0795285875352478,1.0357487614429715,-0.552912799762995,-0.49453783565457543
-0.4834290048579846,1.0795285875352478,1.0543411936025522,-0.552912799762995,-0.48334997766855453
-0.4374848301074189,1.0795285875352478,1.0543411936025522,-0.552912799762995,-0.43859854572447077
-0.42654574088109376,1.0795285875352478,1.0626044967845882,-0.552912799762995,-0.4274106877384498
-0.41560665165476857,1.0795285875352478,1.0708677999666258,-0.552912799762995,-0.41622282975242886
-0.42654574088109376,1.0795285875352478,1.0811969289441707,-0.552912799762995,-0.4274106877384498
-0.4374848301074189,1.0795285875352478,1.108052664285789,-0.552912799762995,-0.43859854572447077
-0.4374848301074189,1.0795285875352478,1.0894602321262068,-0.552912799762995,-0.43859854572447077
-0.42654574088109376,1.0795285875352478,1.0977235353082428,-0.552912799762995,-0.4274106877384498
-0.40466756242844343,1.0795285875352478,1.0811969289441707,0.8476657630828621,-0.4050349717664079
-0.39372847320211823,1.0795285875352478,1.1163159674678251,-0.552912799762995,-0.393847113780387
-0.40466756242844343,1.0795285875352478,1.1163159674678251,-0.552912799762995,-0.4050349717664079
-0.41560665165476857,1.0795285875352478,1.1163159674678251,0.8476657630828621,-0.41622282975242886
-0.45061173717900915,1.0795285875352478,1.1163159674678251,-0.552912799762995,-0.44978640371049167
-0.4615508264053343,1.0795285875352478,1.0543411936025522,-0.552912799762995,-0.4609742616965126
-0.4374848301074189,1.0795285875352478,1.0708677999666258,-0.552912799762995,-0.43859854572447077
-0.45061173717900915,1.0795285875352478,1.0811969289441707,0.8476657630828621,-0.44978640371049167
-0.41560665165476857,1.0795285875352478,1.0543411936025522,-0.552912799762995,-0.41622282975242886
-0.4374848301074189,1.0795285875352478,1.0543411936025522,0.8476657630828621,-0.43859854572447077
-0.45061173717900915,1.0795285875352478,1.0440120646250075,-0.552912799762995,-0.44978640371049167
-0.42654574088109376,1.0795285875352478,1.0006297229193168,-0.552912799762995,-0.4274106877384498
-0.4374848301074189,1.0795285875352478,1.0274854582609345,0.8476657630828621,-0.43859854572447077
-0.45061173717900915,1.0795285875352478,1.0274854582609345,-0.552912799762995,-0.44978640371049167
-0.45061173717900915,1.0795285875352478,1.008893026101353,-0.552912799762995,-0.44978640371049167
-0.5162462725369602,1.0795285875352478,0.9903005939417714,-0.552912799762995,-0.5169135516266173
-0.5162462725369602,1.0795285875352478,0.9903005939417714,-0.552912799762995,-0.5169135516266173
-0.5271853617632853,1.0795285875352478,0.8746143493932638,0.8476657630828621,-0.5281014096126383
-0.4943680940843098,1.0795285875352478,1.0006297229193168,-0.552912799762995,-0.49453783565457543
-0.4724899156316595,1.0795285875352478,1.0274854582609345,-0.552912799762995,-0.4721621196825336
-0.4615508264053343,1.0795285875352478,1.008893026101353,-0.552912799762995,-0.4609742616965126
-0.4615508264053343,1.0795285875352478,0.9903005939417714,-0.552912799762995,-0.4609742616965126
-0.4615508264053343,1.0795285875352478,0.9737739875776992,-0.552912799762995,-0.4609742616965126
-0.4834290048579846,1.0795285875352478,0.9448524264405721,-0.552912799762995,-0.48334997766855453
-0.4834290048579846,1.0795285875352478,0.9737739875776992,-0.552912799762995,-0.48334997766855453
-0.4724899156316595,1.0795285875352478,0.9737739875776992,-0.552912799762995,-0.4721621196825336
-0.4943680940843098,1.0795285875352478,1.0006297229193168,-0.552912799762995,-0.49453783565457543
-0.4724899156316595,1.0795285875352478,0.9634448586001536,-0.552912799762995,-0.4721621196825336
-0.4834290048579846,1.0795285875352478,0.9551815554181176,-0.552912799762995,-0.48334997766855453
-0.4943680940843098,1.0795285875352478,0.891140955757336,-0.552912799762995,-0.49453783565457543
-0.4834290048579846,1.0795285875352478,0.9448524264405721,-0.552912799762995,-0.48334997766855453
-0.4724899156316595,1.0795285875352478,0.9737739875776992,-0.552912799762995,-0.4721621196825336
-0.4834290048579846,1.0795285875352478,0.9365891232585359,-0.552912799762995,-0.48334997766855453
-0.4615508264053343,1.0795285875352478,0.9551815554181176,-0.552912799762995,-0.4609742616965126
-0.4943680940843098,1.0795285875352478,0.9179966910989543,-0.552912799762995,-0.49453783565457543
-0.4615508264053343,1.0795285875352478,0.9179966910989543,-0.552912799762995,-0.4609742616965126
-0.4615508264053343,1.0795285875352478,0.9283258200764991,-0.552912799762995,-0.4609742616965126
-0.4615508264053343,1.0795285875352478,0.9097333879169175,-0.552912799762995,-0.4609742616965126
-0.38278938397579304,1.0795285875352478,0.9365891232585359,-0.552912799762995,-0.38265925579436605
-0.38278938397579304,1.0795285875352478,0.9179966910989543,-0.552912799762995,-0.38265925579436605
-0.3609112055231427,1.0795285875352478,0.9097333879169175,-0.552912799762995,-0.36028353982232414
-0.38278938397579304,1.0795285875352478,0.8477586140516461,-0.552912799762995,-0.38265925579436605
-0.38278938397579304,0.6228275320146265,0.8828776525752998,-0.552912799762995,-0.38265925579436605
-0.34997211629681757,0.6228275320146265,0.79404714336841,-0.552912799762995,-0.34909568183630324
-0.34997211629681757,0.16612647649400497,0.6225836023411575,-0.552912799762995,-0.34909568183630324
-0.34997211629681757,0.16612647649400497,0.48830492563306765,-0.552912799762995,-0.34909568183630324
-0.314967030772577,-0.2905745790266165,0.34369711994743296,-0.552912799762995,-0.31553210787824065
-0.34997211629681757,-0.2905745790266165,0.17429940471568922,-0.552912799762995,-0.34909568183630324
-0.34997211629681757,-0.7472756345472379,0.04828403118963614,-0.552912799762995,-0.34909568183630324
-0.39372847320211823,-0.7472756345472379,-0.12317950983761698,-0.552912799762995,-0.393847113780387
-0.40466756242844343,-0.7472756345472379,-0.29464305086486936,-0.552912799762995,-0.4050349717664079
-0.42654574088109376,-1.2039766900678595,-0.46404076609661304,-0.552912799762995,-0.4274106877384498
-0.41560665165476857,-1.2039766900678595,-0.7078082099666831,-0.552912799762995,-0.41622282975242886
-0.42654574088109376,-1.2039766900678595,-1.0672618983852615,-0.552912799762995,-0.4274106877384498
-0.40466756242844343,-1.2039766900678595,-1.1643557107741875,-0.552912799762995,-0.4050349717664079
-0.42654574088109376,-1.2039766900678595,-1.1932772719113147,-0.552912799762995,-0.4274106877384498
-0.4615508264053343,-1.2039766900678595,-1.2015405750933508,-0.552912799762995,-0.4609742616965126
-0.4615508264053343,-1.2039766900678595,-1.2283963104349684,-0.552912799762995,-0.4609742616965126
-0.4834290048579846,-1.2039766900678595,-1.2283963104349684,-0.552912799762995,-0.48334997766855453
-0.4724899156316595,-1.2039766900678595,-1.2283963104349684,-0.552912799762995,-0.4721621196825336
-0.4943680940843098,-1.2039766900678595,-1.2098038782753868,-0.552912799762995,-0.49453783565457543
-0.505307183310635,-1.2039766900678595,-1.2283963104349684,-0.552912799762995,-0.5057256936405964
-0.5162462725369602,-1.2039766900678595,-1.2201330072529324,-0.552912799762995,-0.5169135516266173
-0.5381244509896105,-1.2039766900678595,-1.2201330072529324,-0.552912799762995,-0.5392892675986591
-0.5271853617632853,-1.2039766900678595,-1.1829481429337692,-0.552912799762995,-0.5281014096126383
-0.5512513580612007,-1.2039766900678595,-1.1932772719113147,-0.552912799762995,-0.5504771255846801
-0.5271853617632853,-1.2039766900678595,-1.174684839751733,-0.552912799762995,-0.5281014096126383
-0.5512513580612007,-1.2039766900678595,-1.1829481429337692,-0.552912799762995,-0.5504771255846801
-0.5621904472875259,-1.2039766900678595,-1.1560924075921515,-0.552912799762995,-0.5616649835707009
-0.5621904472875259,-1.2039766900678595,-1.1643557107741875,-0.552912799762995,-0.5616649835707009
-0.5621904472875259,-1.2039766900678595,-1.1560924075921515,-0.552912799762995,-0.5616649835707009
-0.5840686257401763,-1.2039766900678595,-1.1829481429337692,-0.552912799762995,-0.5840406995427428
-0.5840686257401763,-1.2039766900678595,-1.1643557107741875,-0.552912799762995,-0.5840406995427428
-0.5950077149665014,-1.2039766900678595,-1.1374999754325699,-0.552912799762995,-0.5952285575287638
-0.6168858934191517,-1.2039766900678595,-1.1478291044101148,-0.552912799762995,-0.6176042735008057
-0.6168858934191517,-1.2039766900678595,-1.1478291044101148,-0.552912799762995,-0.6176042735008057
-0.6278249826454769,-1.2039766900678595,-1.1374999754325699,-0.552912799762995,-0.6287921314868267
-0.6518909789433923,-1.2039766900678595,-1.1643557107741875,-0.552912799762995,-0.6511678474588685
-0.6278249826454769,-1.2039766900678595,-1.1209733690684969,-0.552912799762995,-0.6287921314868267
-0.6059468041928265,-1.2039766900678595,-1.1374999754325699,-0.552912799762995,-0.6064164155147848
-0.6168858934191517,-1.2039766900678595,-1.1209733690684969,-0.552912799762995,-0.6176042735008057
-0.6387640718718021,-1.2039766900678595,-1.1374999754325699,-0.552912799762995,-0.6399799894728476
-0.6518909789433923,-1.2039766900678595,-1.1374999754325699,-0.552912799762995,-0.6511678474588685
-0.6847082466223678,-1.2039766900678595,-1.1374999754325699,-0.552912799762995,-0.6847314214169312
-0.6628300681697175,-1.2039766900678595,-1.1292366722505331,-0.552912799762995,-0.6623557054448894
-0.6737691573960426,-1.2039766900678595,-1.1292366722505331,-0.552912799762995,-0.6735435634309103
-0.6847082466223678,-1.2039766900678595,-1.1292366722505331,-0.552912799762995,-0.6847314214169312
-0.7284646035276685,-1.2039766900678595,-1.1292366722505331,-0.552912799762995,-0.7294828533610149
-0.6847082466223678,-1.2039766900678595,-1.1292366722505331,-0.552912799762995,-0.6847314214169312
-0.7284646035276685,-1.2039766900678595,-1.1292366722505331,-0.552912799762995,-0.7294828533610149
-0.7284646035276685,-1.2039766900678595,-1.1106442400909515,-0.552912799762995,-0.7294828533610149
-0.7065864250750181,-1.2039766900678595,-1.1209733690684969,-0.552912799762995,-0.7071071373889731
-0.7284646035276685,-1.2039766900678595,-1.1106442400909515,-0.552912799762995,-0.7294828533610149
-0.7415915105992587,-1.2039766900678595,-1.1374999754325699,-1.9534913626088521,-0.7406707113470359
-0.763469689051909,-1.2039766900678595,-1.1292366722505331,-0.552912799762995,-0.7630464273190778
-0.763469689051909,-1.2039766900678595,-1.1106442400909515,-0.552912799762995,-0.7630464273190778
-0.7853478675045593,-1.2039766900678595,-1.1023809369089155,-0.552912799762995,-0.7854221432911197
-0.763469689051909,-1.2039766900678595,-1.1292366722505331,-0.552912799762995,-0.7630464273190778
-0.7744087782782342,-1.2039766900678595,-1.1106442400909515,-0.552912799762995,-0.7742342853050987
-0.7744087782782342,-1.2039766900678595,-1.1292366722505331,-0.552912799762995,-0.7742342853050987
-0.7744087782782342,-1.2039766900678595,-1.1209733690684969,-0.552912799762995,-0.7742342853050987
-0.7744087782782342,-1.2039766900678595,-1.1209733690684969,-0.552912799762995,-0.7742342853050987
-0.7962869567308846,-1.2039766900678595,-1.1106442400909515,-0.552912799762995,-0.7966100012771407
-0.7853478675045593,-1.2039766900678595,-0.8957983573580085,-0.552912799762995,-0.7854221432911197
-0.7962869567308846,-1.2039766900678595,-0.67062334564752,-0.552912799762995,-0.7966100012771407
-0.7853478675045593,-0.7472756345472379,-0.46404076609661304,-0.552912799762995,-0.7854221432911197
-0.8291042244098601,-0.7472756345472379,-0.29464305086486936,-0.552912799762995,-0.8301735752352033
-0.7962869567308846,-0.2905745790266165,-0.14177194199719856,-0.552912799762995,-0.7966100012771407
-0.7744087782782342,-0.2905745790266165,0.029691599030054545,-0.552912799762995,-0.7742342853050987
-0.7744087782782342,0.16612647649400497,0.20115514005730692,-0.552912799762995,-0.7742342853050987
-0.7284646035276685,0.16612647649400497,0.35196042312946907,-0.552912799762995,-0.7294828533610149
-0.7744087782782342,0.6228275320146265,0.4965682288151037,-0.552912799762995,-0.7742342853050987
-0.763469689051909,0.6228275320146265,0.6494393376827753,-0.552912799762995,-0.7630464273190778
-0.7525305998255839,1.0795285875352478,0.7754547112088284,-0.552912799762995,-0.7518585693330568
-0.7525305998255839,1.0795285875352478,0.8746143493932638,-0.552912799762995,-0.7518585693330568
-0.7065864250750181,1.0795285875352478,0.9097333879169175,-0.552912799762995,-0.7071071373889731
-0.7284646035276685,1.0795285875352478,0.9097333879169175,-0.552912799762995,-0.7294828533610149
-0.7175255143013433,1.0795285875352478,0.9551815554181176,-0.552912799762995,-0.7182949953749941
-0.7415915105992587,1.0795285875352478,0.9551815554181176,-0.552912799762995,-0.7406707113470359
-0.7175255143013433,1.0795285875352478,0.8477586140516461,-0.552912799762995,-0.7182949953749941
-0.6847082466223678,0.6228275320146265,0.9283258200764991,-0.552912799762995,-0.6847314214169312
-0.695647335848693,1.0795285875352478,0.9634448586001536,-0.552912799762995,-0.6959192794029522
-0.6628300681697175,1.0795285875352478,1.008893026101353,-0.552912799762995,-0.6623557054448894
-0.6278249826454769,1.0795285875352478,1.008893026101353,-0.552912799762995,-0.6287921314868267
-0.6168858934191517,1.0795285875352478,1.008893026101353,-0.552912799762995,-0.6176042735008057
-0.6168858934191517,0.6228275320146265,1.017156329283389,-0.552912799762995,-0.6176042735008057
-0.6059468041928265,0.6228275320146265,1.0357487614429715,-0.552912799762995,-0.6064164155147848
-0.5840686257401763,1.0795285875352478,1.0440120646250075,-0.552912799762995,-0.5840406995427428
-0.6059468041928265,1.0795285875352478,1.0440120646250075,-0.552912799762995,-0.6064164155147848
-0.5840686257401763,1.0795285875352478,1.0708677999666258,-0.552912799762995,-0.5840406995427428
-0.5950077149665014,1.0795285875352478,1.0543411936025522,-0.552912799762995,-0.5952285575287638
-0.5950077149665014,1.0795285875352478,1.0626044967845882,-0.552912799762995,-0.5952285575287638
-0.5840686257401763,0.6228275320146265,1.0708677999666258,-0.552912799762995,-0.5840406995427428
-0.5512513580612007,0.6228275320146265,1.0894602321262068,-0.552912799762995,-0.5504771255846801
-0.5271853617632853,1.0795285875352478,1.0977235353082428,-0.552912799762995,-0.5281014096126383
-0.4943680940843098,0.6228275320146265,1.1163159674678251,-0.552912799762995,-0.49453783565457543
-0.4724899156316595,1.0795285875352478,1.0894602321262068,-0.552912799762995,-0.4721621196825336
-0.4834290048579846,0.6228275320146265,1.108052664285789,-0.552912799762995,-0.48334997766855453
-0.45061173717900915,0.6228275320146265,1.1163159674678251,-0.552912799762995,-0.44978640371049167
-0.42654574088109376,0.6228275320146265,1.134908399627406,-0.552912799762995,-0.4274106877384498
-0.4374848301074189,0.6228275320146265,1.1431717028094421,-0.552912799762995,-0.43859854572447077
-0.4615508264053343,1.0795285875352478,1.134908399627406,-0.552912799762995,-0.4609742616965126
-0.45061173717900915,0.6228275320146265,1.1431717028094421,-0.552912799762995,-0.44978640371049167
-0.4615508264053343,0.6228275320146265,1.1535008317869884,-0.552912799762995,-0.4609742616965126
-0.41560665165476857,0.6228275320146265,1.1617641349690244,-0.552912799762995,-0.41622282975242886
-0.34997211629681757,1.0795285875352478,1.1803565671286054,-0.552912799762995,-0.34909568183630324
-0.314967030772577,0.6228275320146265,1.1700274381510605,-0.552912799762995,-0.31553210787824065
-0.3259061199989022,0.6228275320146265,1.1617641349690244,-0.552912799762995,-0.32671996586426133
-0.3609112055231427,0.6228275320146265,1.1886198703106414,-0.552912799762995,-0.36028353982232414
-0.314967030772577,0.6228275320146265,1.0357487614429715,-0.552912799762995,-0.31553210787824065
-0.2821497630936015,0.6228275320146265,1.1535008317869884,-0.552912799762995,-0.28196853392017784
-0.249332495414626,0.6228275320146265,1.1617641349690244,-0.552912799762995,-0.248404959962115
-0.23620558834303576,0.6228275320146265,1.2072123024702237,-0.552912799762995,-0.23721710197609405
-0.23620558834303576,0.6228275320146265,1.196883173492679,-0.552912799762995,-0.23721710197609405
-0.20338832066406026,0.6228275320146265,1.196883173492679,-0.552912799762995,-0.20365352801803124
-0.1815101422114099,0.6228275320146265,1.1886198703106414,-0.552912799762995,-0.18127781204598936
-0.1924492314377351,0.6228275320146265,1.1886198703106414,-0.552912799762995,-0.1924656700320103
-0.15963196375875957,1.0795285875352478,1.2340680378118423,-0.552912799762995,-0.15890209607394748
-0.17057105298508474,0.6228275320146265,1.2154756056522598,-0.552912799762995,-0.1700899540599684
-0.17057105298508474,0.6228275320146265,1.2154756056522598,-0.552912799762995,-0.1700899540599684
-0.1486928745324344,0.6228275320146265,1.223738908834296,-0.552912799762995,-0.14771423808792652
-0.1355659674608442,0.6228275320146265,1.1886198703106414,-0.552912799762995,-0.1365263801019056
-0.10274869978186868,0.6228275320146265,1.2072123024702237,-0.552912799762995,-0.10296280614384276
-0.06993143210289317,0.6228275320146265,1.2154756056522598,-0.552912799762995,-0.06939923218577994
-0.058992342876567995,0.6228275320146265,1.2072123024702237,-0.552912799762995,-0.058211374199759004
-0.06993143210289317,1.0795285875352478,1.2154756056522598,-0.552912799762995,-0.06939923218577994
-0.034926346578652616,1.0795285875352478,1.196883173492679,-0.552912799762995,-0.03583565822771737
-0.06993143210289317,1.0795285875352478,1.1700274381510605,-0.552912799762995,-0.06939923218577994
-0.06993143210289317,0.6228275320146265,1.2154756056522598,-0.552912799762995,-0.06939923218577994
-0.09180961055554351,1.0795285875352478,1.1886198703106414,-0.552912799762995,-0.09177494815782182
-0.10274869978186868,1.0795285875352478,1.196883173492679,-0.552912799762995,-0.10296280614384276
-0.15963196375875957,1.0795285875352478,1.2072123024702237,-0.552912799762995,-0.15890209607394748
-0.1924492314377351,0.6228275320146265,1.1803565671286054,-0.552912799762995,-0.1924656700320103
-0.1815101422114099,1.0795285875352478,1.1617641349690244,-0.552912799762995,-0.18127781204598936
-0.17057105298508474,1.0795285875352478,1.1431717028094421,-0.552912799762995,-0.1700899540599684
-0.1486928745324344,1.0795285875352478,1.1535008317869884,-0.552912799762995,-0.14771423808792652
-0.1355659674608442,1.0795285875352478,1.196883173492679,-0.552912799762995,-0.1365263801019056
-0.12462687823451903,1.0795285875352478,1.1700274381510605,-0.552912799762995,-0.12533852211588464
-0.17057105298508474,1.0795285875352478,1.1431717028094421,-0.552912799762995,-0.1700899540599684
-0.1924492314377351,1.0795285875352478,1.1163159674678251,0.8476657630828621,-0.1924656700320103
-0.17057105298508474,1.0795285875352478,1.134908399627406,-0.552912799762995,-0.1700899540599684
-0.1924492314377351,1.0795285875352478,1.1431717028094421,-0.552912799762995,-0.1924656700320103
-0.1924492314377351,1.0795285875352478,1.1431717028094421,-0.552912799762995,-0.1924656700320103
-0.1924492314377351,1.0795285875352478,1.134908399627406,-0.552912799762995,-0.1924656700320103
-0.21432740989038543,1.0795285875352478,1.1163159674678251,-0.552912799762995,-0.21484138600405217
-0.20338832066406026,1.0795285875352478,1.1163159674678251,-0.552912799762995,-0.20365352801803124
-0.1924492314377351,0.6228275320146265,1.0543411936025522,-0.552912799762995,-0.1924656700320103
-0.17057105298508474,0.6228275320146265,0.9283258200764991,-0.552912799762995,-0.1700899540599684
-0.15963196375875957,0.16612647649400497,0.7671914080267922,-0.552912799762995,-0.15890209607394748
-0.1486928745324344,0.16612647649400497,0.6039911701815752,-0.552912799762995,-0.14771423808792652
-0.1486928745324344,-0.2905745790266165,0.4511200613139045,-0.552912799762995,-0.14771423808792652
-0.17057105298508474,-0.2905745790266165,0.25486661074054306,-0.552912799762995,-0.1700899540599684
-0.15963196375875957,-0.2905745790266165,0.08340306971328992,-0.552912799762995,-0.15890209607394748
-0.15963196375875957,-0.7472756345472379,-0.07773134233641696,-0.552912799762995,-0.15890209607394748
-0.1815101422114099,-0.7472756345472379,-0.24919488336367007,-0.552912799762995,-0.18127781204598936
-0.1924492314377351,-1.2039766900678595,-0.4371850307549954,-0.552912799762995,-0.1924656700320103
-0.1815101422114099,-1.2039766900678595,-0.6974790809891377,-0.552912799762995,-0.18127781204598936
-0.2252664991167106,-1.2039766900678595,-1.0672618983852615,-0.552912799762995,-0.22602924399007313
-0.1924492314377351,-1.2039766900678595,-1.1829481429337692,-0.552912799762995,-0.1924656700320103
-0.1815101422114099,-1.2039766900678595,-1.2283963104349684,-0.552912799762995,-0.18127781204598936
-0.17057105298508474,-1.2039766900678595,-1.2366596136170045,-0.552912799762995,-0.1700899540599684
-0.11368778900819385,-1.2039766900678595,-1.2366596136170045,-0.552912799762995,-0.1141506641298637
-0.09180961055554351,-1.2039766900678595,-1.24698874259455,-0.552912799762995,-0.09177494815782182
-0.06993143210289317,-1.2039766900678595,-1.263515348958623,-0.552912799762995,-0.06939923218577994
-0.09180961055554351,-1.2039766900678595,-1.2366596136170045,-0.552912799762995,-0.09177494815782182
-0.10274869978186868,-1.2039766900678595,-1.2283963104349684,-0.552912799762995,-0.10296280614384276
-0.10274869978186868,-1.2039766900678595,-1.2201330072529324,-0.552912799762995,-0.10296280614384276
-0.1355659674608442,-1.2039766900678595,-1.2098038782753868,-0.552912799762995,-0.1365263801019056
-0.17057105298508474,-1.2039766900678595,-1.2098038782753868,-0.552912799762995,-0.1700899540599684
-0.17057105298508474,-1.2039766900678595,-1.2201330072529324,-0.552912799762995,-0.1700899540599684
-0.1815101422114099,-1.2039766900678595,-1.1932772719113147,-0.552912799762995,-0.18127781204598936
-0.1924492314377351,-1.2039766900678595,-1.2015405750933508,-0.552912799762995,-0.1924656700320103
-0.1924492314377351,-1.2039766900678595,-1.2015405750933508,-0.552912799762995,-0.1924656700320103
-0.20338832066406026,-1.2039766900678595,-1.174684839751733,-0.552912799762995,-0.20365352801803124
-0.21432740989038543,-1.2039766900678595,-1.1829481429337692,-0.552912799762995,-0.21484138600405217
-0.23620558834303576,-1.2039766900678595,-1.2015405750933508,-0.552912799762995,-0.23721710197609405
-0.2252664991167106,-1.2039766900678595,-1.1643557107741875,-0.552912799762995,-0.22602924399007313
-0.249332495414626,-1.2039766900678595,-1.1829481429337692,0.8476657630828621,-0.248404959962115
-0.2252664991167106,-1.2039766900678595,-1.174684839751733,-0.552912799762995,-0.22602924399007313
-0.249332495414626,-1.2039766900678595,-1.1643557107741875,0.8476657630828621,-0.248404959962115
-0.2602715846409511,-1.2039766900678595,-1.174684839751733,-0.552912799762995,-0.25959281794813593
-0.2712106738672763,-1.2039766900678595,-1.1643557107741875,-0.552912799762995,-0.2707806759341569
-0.29308885231992665,-1.2039766900678595,-1.1560924075921515,-0.552912799762995,-0.29315639190619874
-0.2821497630936015,-1.2039766900678595,-1.1643557107741875,-0.552912799762995,-0.28196853392017784
-0.30402794154625185,-1.2039766900678595,-1.1643557107741875,-0.552912799762995,-0.3043442498922197
-0.30402794154625185,-1.2039766900678595,-1.1560924075921515,-0.552912799762995,-0.3043442498922197
-0.2821497630936015,-1.2039766900678595,-1.174684839751733,-0.552912799762995,-0.28196853392017784
-0.29308885231992665,-1.2039766900678595,-1.1643557107741875,-0.552912799762995,-0.29315639190619874
-0.2821497630936015,-1.2039766900678595,-1.1560924075921515,-0.552912799762995,-0.28196853392017784
-0.314967030772577,-1.2039766900678595,-1.1560924075921515,-0.552912799762995,-0.31553210787824065
-0.3259061199989022,-1.2039766900678595,-1.1560924075921515,-0.552912799762995,-0.32671996586426133
-0.3259061199989022,-1.2039766900678595,-1.1643557107741875,-0.552912799762995,-0.32671996586426133
-0.3609112055231427,-1.2039766900678595,-1.1643557107741875,-0.552912799762995,-0.36028353982232414
-0.3609112055231427,-1.2039766900678595,-1.174684839751733,-0.552912799762995,-0.36028353982232414
-0.3718502947494679,-1.2039766900678595,-1.1643557107741875,-0.552912799762995,-0.3714713978083451
-0.3609112055231427,-1.2039766900678595,-1.1560924075921515,-0.552912799762995,-0.36028353982232414
-0.34997211629681757,-1.2039766900678595,-1.1643557107741875,-0.552912799762995,-0.34909568183630324
-0.3259061199989022,-1.2039766900678595,-1.1560924075921515,-0.552912799762995,-0.32671996586426133
-0.30402794154625185,-1.2039766900678595,-1.1643557107741875,-0.552912799762995,-0.3043442498922197
-0.30402794154625185,-1.2039766900678595,-1.1643557107741875,-0.552912799762995,-0.3043442498922197
-0.3259061199989022,-1.2039766900678595,-1.1560924075921515,-0.552912799762995,-0.32671996586426133
-0.30402794154625185,-1.2039766900678595,-0.9226540926996262,-0.552912799762995,-0.3043442498922197
-0.29308885231992665,-1.2039766900678595,-0.67062334564752,-0.552912799762995,-0.29315639190619874
-0.30402794154625185,-0.7472756345472379,-0.4475141597325409,-0.552912799762995,-0.3043442498922197
-0.30402794154625185,-0.7472756345472379,-0.2574581865457062,-0.552912799762995,-0.3043442498922197
-0.33684520922522737,-0.2905745790266165,-0.06946803915438086,-0.552912799762995,-0.3379078238502823
-0.30402794154625185,-0.2905745790266165,0.14537784357856215,-0.552912799762995,-0.3043442498922197
-0.29308885231992665,0.16612647649400497,0.3085780814237784,-0.552912799762995,-0.29315639190619874
-0.29308885231992665,0.16612647649400497,0.46971249347348604,-0.552912799762995,-0.29315639190619874
-0.2712106738672763,0.6228275320146265,0.6494393376827753,-0.552912799762995,-0.2707806759341569
-0.29308885231992665,0.6228275320146265,0.79404714336841,-0.552912799762995,-0.29315639190619874
-0.2712106738672763,0.6228275320146265,0.9179966910989543,-0.552912799762995,-0.2707806759341569
-0.249332495414626,0.6228275320146265,1.0440120646250075,-0.552912799762995,-0.248404959962115
-0.2252664991167106,0.6228275320146265,1.0977235353082428,-0.552912799762995,-0.22602924399007313
-0.1924492314377351,0.6228275320146265,1.108052664285789,-0.552912799762995,-0.1924656700320103
-0.1815101422114099,0.6228275320146265,1.1245792706498612,-0.552912799762995,-0.18127781204598936
-0.17057105298508474,0.6228275320146265,1.1245792706498612,-0.552912799762995,-0.1700899540599684
-0.15963196375875957,0.6228275320146265,1.1163159674678251,-0.552912799762995,-0.15890209607394748
-0.15963196375875957,0.6228275320146265,1.1617641349690244,-0.552912799762995,-0.15890209607394748
-0.1355659674608442,0.6228275320146265,1.1617641349690244,-0.552912799762995,-0.1365263801019056
-0.1355659674608442,1.0795285875352478,1.1803565671286054,-0.552912799762995,-0.1365263801019056
-0.12462687823451903,0.6228275320146265,1.1803565671286054,-0.552912799762995,-0.12533852211588464
-0.10274869978186868,0.6228275320146265,1.1886198703106414,-0.552912799762995,-0.10296280614384276
-0.09180961055554351,0.6228275320146265,1.1700274381510605,-0.552912799762995,-0.09177494815782182
-0.058992342876567995,0.6228275320146265,1.1803565671286054,-0.552912799762995,-0.058211374199759004
-0.04586543580497779,0.6228275320146265,1.1886198703106414,-0.552912799762995,-0.04702351621373806
-0.034926346578652616,0.6228275320146265,1.2154756056522598,-0.552912799762995,-0.03583565822771737
-0.04586543580497779,0.6228275320146265,1.2154756056522598,-0.552912799762995,-0.04702351621373806
-0.06993143210289317,0.6228275320146265,1.196883173492679,-0.552912799762995,-0.06939923218577994
-0.034926346578652616,0.6228275320146265,1.1700274381510605,-0.552912799762995,-0.03583565822771737
-0.034926346578652616,0.6228275320146265,1.2072123024702237,-0.552912799762995,-0.03583565822771737
0.008830010326648069,0.6228275320146265,1.2072123024702237,-0.552912799762995,0.008915773716366395
0.01976909955297324,0.6228275320146265,1.2072123024702237,-0.552912799762995,0.020103631702387336
0.03070818877929841,0.6228275320146265,1.2072123024702237,-0.552912799762995,0.03129148968840828
0.05477418507721379,0.6228275320146265,1.1886198703106414,-0.552912799762995,0.05366720566045016
0.04164727800562358,0.6228275320146265,1.1803565671286054,-0.552912799762995,0.04247934767442922
0.04164727800562358,0.6228275320146265,1.223738908834296,-0.552912799762995,0.04247934767442922
0.0875914527561893,0.6228275320146265,1.1886198703106414,-0.552912799762995,0.08723077961851299
0.09853054198251447,0.6228275320146265,1.1886198703106414,-0.552912799762995,0.09841863760453393
0.07665236352986413,0.6228275320146265,1.1886198703106414,-0.552912799762995,0.07604292163249204
0.12040872043516482,0.6228275320146265,1.1803565671286054,-0.552912799762995,0.12079435357657581
0.0875914527561893,0.6228275320146265,1.1617641349690244,-0.552912799762995,0.08723077961851299
0.09853054198251447,0.6228275320146265,1.1700274381510605,-0.552912799762995,0.09841863760453393
0.10946963120883964,0.6228275320146265,1.2072123024702237,-0.552912799762995,0.10960649559055487
0.09853054198251447,0.6228275320146265,1.2154756056522598,-0.552912799762995,0.09841863760453393
0.10946963120883964,0.6228275320146265,1.2154756056522598,-0.552912799762995,0.10960649559055487
0.09853054198251447,0.6228275320146265,1.196883173492679,-0.552912799762995,0.09841863760453393
0.07665236352986413,1.0795285875352478,1.196883173492679,-0.552912799762995,0.07604292163249204
0.06571327430353896,0.6228275320146265,1.223738908834296,-0.552912799762995,0.0648550636464711
0.04164727800562358,0.6228275320146265,1.2072123024702237,-0.552912799762995,0.04247934767442922
0.05477418507721379,0.6228275320146265,1.2072123024702237,-0.552912799762995,0.05366720566045016
0.06571327430353896,0.6228275320146265,1.196883173492679,-0.552912799762995,0.0648550636464711
0.0875914527561893,0.6228275320146265,1.1617641349690244,-0.552912799762995,0.08723077961851299
0.09853054198251447,0.6228275320146265,1.134908399627406,-0.552912799762995,0.09841863760453393
0.10946963120883964,0.6228275320146265,1.1803565671286054,-0.552912799762995,0.10960649559055487
0.13134780966148998,0.6228275320146265,1.1886198703106414,-0.552912799762995,0.13198221156259674
0.15541380595940538,0.6228275320146265,1.1617641349690244,-0.552912799762995,0.15435792753463862
0.21010925209103123,1.0795285875352478,1.1803565671286054,-0.552912799762995,0.21029721746474334
0.2210483413173564,0.6228275320146265,1.1617641349690244,-0.552912799762995,0.22148507545076426
0.2669925160679221,1.0795285875352478,1.1163159674678251,-0.552912799762995,0.2662365073948478
0.28887069452057246,1.0795285875352478,1.1163159674678251,-0.552912799762995,0.2886122233668897
0.28887069452057246,0.6228275320146265,1.1431717028094421,-0.552912799762995,0.2886122233668897
0.3107488729732228,0.6228275320146265,1.134908399627406,-0.552912799762995,0.31098793933893154
0.321687962199548,0.6228275320146265,1.134908399627406,-0.552912799762995,0.3221757973249525
0.3326270514258731,0.6228275320146265,1.1245792706498612,-0.552912799762995,0.33336365531097345
0.3435661406521983,0.6228275320146265,1.0977235353082428,-0.552912799762995,0.3445515132969944
0.3566930477237885,0.6228275320146265,1.1245792706498612,-0.552912799762995,0.3557393712830153
0.3566930477237885,1.0795285875352478,1.1163159674678251,-0.552912799762995,0.3557393712830153
0.38951031540276404,1.0795285875352478,1.108052664285789,-0.552912799762995,0.38930294524107817
0.42232758308173957,0.6228275320146265,1.1163159674678251,-0.552912799762995,0.422866519199141
0.4573326686059801,0.6228275320146265,1.0894602321262068,-0.552912799762995,0.4564300931572038
0.47921084705863043,0.6228275320146265,1.0708677999666258,-0.552912799762995,0.4788058091292457
0.47921084705863043,0.6228275320146265,1.108052664285789,-0.552912799762995,0.4788058091292457
0.5229672039639311,0.6228275320146265,1.0894602321262068,0.8476657630828621,0.5235572410733292
0.5907895571671472,0.6228275320146265,1.0977235353082428,-0.552912799762995,0.5906843889894549
0.579850467940822,1.0795285875352478,1.0977235353082428,-0.552912799762995,0.5794965310034339
0.6017286463934723,1.0795285875352478,1.0626044967845882,0.8476657630828621,0.6018722469754758
0.6082920999292675,1.0795285875352478,1.0006297229193168,0.8476657630828621,0.6130601049614968
0.6301702783819177,1.0795285875352478,1.017156329283389,0.8476657630828621,0.6242479629475176
0.6520484568345681,1.0795285875352478,1.0626044967845882,0.8476657630828621,0.6578115369055805
0.6520484568345681,1.0795285875352478,1.0708677999666258,0.8476657630828621,0.6466236789195595
0.6739266352872185,1.0795285875352478,1.0708677999666258,0.8476657630828621,0.6801872528776224
0.6739266352872185,0.6228275320146265,1.0440120646250075,0.8476657630828621,0.6689993948916012
0.6739266352872185,1.0795285875352478,1.0357487614429715,-0.552912799762995,0.6689993948916012
0.6739266352872185,0.6228275320146265,1.0006297229193168,0.8476657630828621,0.6801872528776224
0.6958048137398688,0.6228275320146265,0.9014700847348814,-0.552912799762995,0.7025629688496643
0.7395611706451695,0.16612647649400497,0.7485989758672107,-0.552912799762995,0.7361265428077268
0.7395611706451695,0.16612647649400497,0.5771354348399576,-0.552912799762995,0.747314400793748
0.7833175275504702,-0.2905745790266165,0.39740859063066836,0.8476657630828621,0.7808779747518105
0.892708419813722,-0.2905745790266165,0.20115514005730692,-0.552912799762995,0.89275655461202
0.9364647767190226,-0.7472756345472379,0.029691599030054545,0.8476657630828621,0.9375079865561038
1.023977490529624,-0.7472756345472379,-0.13144281301965308,-0.552912799762995,1.01582299245825
1.0677338474349247,-0.7472756345472379,-0.32976208938852386,0.8476657630828621,1.0605744244023338
1.023977490529624,-1.2039766900678595,-0.5177522367798492,0.8476657630828621,1.01582299245825
1.023977490529624,-1.2039766900678595,-0.7780462870139915,-0.552912799762995,1.0270108504442712
1.0677338474349247,-1.2039766900678595,-1.1478291044101148,-0.552912799762995,1.0605744244023338
1.1333683827928758,-1.2039766900678595,-1.2903710843002407,-0.552912799762995,1.1277015723184596
1.1771247396981763,-1.2039766900678595,-1.3172268196418584,0.8476657630828621,1.1836408622485646
1.1771247396981763,-1.2039766900678595,-1.327555948619404,0.8476657630828621,1.1724530042625432
1.1990029181508266,-1.2039766900678595,-1.327555948619404,0.8476657630828621,1.2060165782206063
1.1771247396981763,-1.2039766900678595,-1.3172268196418584,0.8476657630828621,1.1724530042625432
1.155246561245526,-1.2039766900678595,-1.3172268196418584,-0.552912799762995,1.1612651462765227
1.1771247396981763,-1.2039766900678595,-1.3172268196418584,0.8476657630828621,1.1836408622485646
1.1771247396981763,-1.2039766900678595,-1.3089635164598223,0.8476657630828621,1.1724530042625432
1.1990029181508266,-1.2039766900678595,-1.3440825549834767,0.8476657630828621,1.2060165782206063
1.220881096603477,-1.2039766900678595,-1.327555948619404,-0.552912799762995,1.2283922941926477
1.220881096603477,-1.2039766900678595,-1.3172268196418584,0.8476657630828621,1.2283922941926477
1.2427592750561274,-1.2039766900678595,-1.389530722484676,0.8476657630828621,1.239580152178669
1.2427592750561274,-1.2039766900678595,-1.3626749871430583,0.8476657630828621,1.2507680101646896
1.2646374535087777,-1.2039766900678595,-1.300700213277786,-0.552912799762995,1.2731437261367315
1.2646374535087777,-1.2039766900678595,-1.2903710843002407,-0.552912799762995,1.2619558681507108
1.2427592750561274,-1.2039766900678595,-1.2738444779361684,-0.552912799762995,1.2507680101646896
1.2427592750561274,-1.2039766900678595,-1.263515348958623,-0.552912799762995,1.239580152178669
1.220881096603477,-1.2039766900678595,-1.2738444779361684,-0.552912799762995,1.217204436206627
1.1990029181508266,-1.2039766900678595,-1.300700213277786,0.8476657630828621,1.2060165782206063
1.1990029181508266,-1.2039766900678595,-1.2738444779361684,0.8476657630828621,1.194828720234585
1.220881096603477,-1.2039766900678595,-1.2821077811182047,0.8476657630828621,1.217204436206627
1.220881096603477,-1.2039766900678595,-1.2821077811182047,0.8476657630828621,1.217204436206627
1.155246561245526,-1.2039766900678595,-1.2738444779361684,-0.552912799762995,1.1612651462765227
1.1990029181508266,-1.2039766900678595,-1.263515348958623,-0.552912799762995,1.194828720234585
1.155246561245526,-1.2039766900678595,-1.255252045776587,-0.552912799762995,1.1612651462765227
1.220881096603477,-1.2039766900678595,-1.263515348958623,-0.552912799762995,1.217204436206627
1.220881096603477,-1.2039766900678595,-1.255252045776587,-0.552912799762995,1.2283922941926477
1.220881096603477,-1.2039766900678595,-1.255252045776587,-0.552912799762995,1.2283922941926477
1.220881096603477,-1.2039766900678595,-1.2366596136170045,2.2482443259287193,1.2283922941926477
1.1771247396981763,-1.2039766900678595,-1.2821077811182047,2.2482443259287193,1.1836408622485646
1.1771247396981763,-1.2039766900678595,-1.2738444779361684,2.2482443259287193,1.1724530042625432
1.155246561245526,-1.2039766900678595,-1.24698874259455,-0.552912799762995,1.1612651462765227
1.1990029181508266,-1.2039766900678595,-1.263515348958623,0.8476657630828621,1.194828720234585
1.155246561245526,-1.2039766900678595,-1.24698874259455,-0.552912799762995,1.1500772882905015
1.1333683827928758,-1.2039766900678595,-1.24698874259455,-0.552912799762995,1.1277015723184596
1.1333683827928758,-1.2039766900678595,-1.263515348958623,-0.552912799762995,1.1277015723184596
1.089612025887575,-1.2039766900678595,-1.2366596136170045,2.2482443259287193,1.094137998360397
1.155246561245526,-1.2039766900678595,-1.2283963104349684,3.6578009564851186,1.1612651462765227
1.1771247396981763,-1.2039766900678595,-1.2201330072529324,3.6578009564851186,1.1724530042625432
1.155246561245526,-1.2039766900678595,-1.2201330072529324,3.6578009564851186,1.1612651462765227
1.1333683827928758,-1.2039766900678595,-1.2201330072529324,0.8476657630828621,1.1388894303044808
1.1333683827928758,-1.2039766900678595,-1.2366596136170045,3.6578009564851186,1.1388894303044808
1.155246561245526,-1.2039766900678595,-1.2283963104349684,3.6578009564851186,1.1612651462765227
1.1333683827928758,-1.2039766900678595,-1.24698874259455,0.8476657630828621,1.1388894303044808
1.155246561245526,-1.2039766900678595,-1.24698874259455,-0.552912799762995,1.1500772882905015
1.1333683827928758,-1.2039766900678595,-1.263515348958623,-0.552912799762995,1.1388894303044808
1.1771247396981763,-1.2039766900678595,-1.2366596136170045,-0.552912799762995,1.1836408622485646
1.1771247396981763,-1.2039766900678595,-1.2738444779361684,-0.552912799762995,1.1724530042625432
1.1990029181508266,-1.2039766900678595,-1.255252045776587,-0.552912799762995,1.2060165782206063
1.1771247396981763,-1.2039766900678595,-0.9949579955424439,-0.552912799762995,1.1836408622485646
1.155246561245526,-1.2039766900678595,-0.7697829838319554,-0.552912799762995,1.1612651462765227
1.155246561245526,-0.7472756345472379,-0.5549371010990124,-0.552912799762995,1.1612651462765227
1.1114902043402253,-0.7472756345472379,-0.33802539257055997,-0.552912799762995,1.1053258563464177
1.0677338474349247,-0.2905745790266165,-0.15003524517923467,-0.552912799762995,1.0605744244023338
1.0677338474349247,-0.2905745790266165,0.06481063755370833,-0.552912799762995,1.0605744244023338
1.0458556689822742,0.16612647649400497,0.2631299139225791,-0.552912799762995,1.0493865664163131
1.1114902043402253,0.16612647649400497,0.4077377196082138,-0.552912799762995,1.1165137143324388
1.1114902043402253,0.16612647649400497,0.5957278669995392,-0.552912799762995,1.1165137143324388
1.1114902043402253,0.6228275320146265,0.7837180143908644,0.8476657630828621,1.1165137143324388
1.155246561245526,0.6228275320146265,0.8560219172336822,-0.552912799762995,1.1500772882905015
1.155246561245526,0.6228275320146265,1.008893026101353,-0.552912799762995,1.1612651462765227
1.220881096603477,0.6228275320146265,1.0543411936025522,0.8476657630828621,1.2283922941926477
1.1990029181508266,0.6228275320146265,1.0708677999666258,0.8476657630828621,1.194828720234585
1.155246561245526,0.6228275320146265,1.0894602321262068,0.8476657630828621,1.1612651462765227
1.155246561245526,0.6228275320146265,1.0708677999666258,-0.552912799762995,1.1500772882905015
1.1333683827928758,0.6228275320146265,1.0543411936025522,-0.552912799762995,1.1277015723184596
1.1333683827928758,0.6228275320146265,1.0894602321262068,-0.552912799762995,1.1388894303044808
1.1333683827928758,0.6228275320146265,1.0977235353082428,-0.552912799762995,1.1277015723184596
1.1333683827928758,0.6228275320146265,1.0977235353082428,-0.552912799762995,1.1388894303044808
1.1333683827928758,0.6228275320146265,1.1163159674678251,-0.552912799762995,1.1388894303044808
1.1333683827928758,0.6228275320146265,1.1163159674678251,-0.552912799762995,1.1277015723184596
1.1990029181508266,0.6228275320146265,1.0894602321262068,-0.552912799762995,1.194828720234585
1.2427592750561274,0.6228275320146265,1.108052664285789,-0.552912799762995,1.2507680101646896
1.2865156319614282,0.6228275320146265,1.134908399627406,-0.552912799762995,1.2843315841227527
1.2865156319614282,0.6228275320146265,1.1163159674678251,-0.552912799762995,1.2955194421087735
1.3083938104140784,0.6228275320146265,1.1163159674678251,-0.552912799762995,1.3178951580808154
1.3083938104140784,0.6228275320146265,1.1617641349690244,-0.552912799762995,1.3178951580808154
1.3083938104140784,0.6228275320146265,0.9551815554181176,-0.552912799762995,1.3067073000947946
1.3083938104140784,0.6228275320146265,1.0626044967845882,2.2482443259287193,1.3178951580808154
1.3521501673193792,0.6228275320146265,1.134908399627406,-0.552912799762995,1.3514587320388782
1.3959065242246798,0.6228275320146265,1.134908399627406,-0.552912799762995,1.396210163982962
1.4396628811299805,0.6228275320146265,1.1245792706498612,0.8476657630828621,1.4297737379410247
1.483419238035281,0.6228275320146265,1.1617641349690244,-0.552912799762995,1.4857130278711297
1.483419238035281,0.6228275320146265,1.0274854582609345,-0.552912799762995,1.4745251698851085
1.5490537733932321,0.6228275320146265,1.0977235353082428,3.6578009564851186,1.541652317801234
1.5709319518458826,0.6228275320146265,1.134908399627406,-0.552912799762995,1.564028033773276
1.6146883087511832,0.6228275320146265,1.134908399627406,-0.552912799762995,1.6199673237033805
1.6365664872038335,0.6228275320146265,1.134908399627406,-0.552912799762995,1.6423430396754224
1.658444665656484,0.6228275320146265,1.1163159674678251,0.8476657630828621,1.6647187556474643
1.724079201014435,0.6228275320146265,1.0440120646250075,0.8476657630828621,1.720658045577569
1.7459573794670853,0.6228275320146265,1.0977235353082428,0.8476657630828621,1.743033761549611
1.789713736372386,0.6228275320146265,1.1163159674678251,0.8476657630828621,1.7877851934936944
1.789713736372386,0.6228275320146265,1.134908399627406,-0.552912799762995,1.7877851934936944
1.7678355579197356,0.6228275320146265,1.1163159674678251,-0.552912799762995,1.765409477521653
1.724079201014435,0.6228275320146265,1.0977235353082428,-0.552912799762995,1.720658045577569
1.724079201014435,0.6228275320146265,1.0543411936025522,-0.552912799762995,1.720658045577569
1.724079201014435,0.6228275320146265,1.0811969289441707,-0.552912799762995,1.7318459035635898
1.7678355579197356,0.6228275320146265,1.0977235353082428,0.8476657630828621,1.765409477521653
1.789713736372386,0.6228275320146265,1.134908399627406,0.8476657630828621,1.7989730514797155
1.8115919148250363,0.6228275320146265,1.0977235353082428,2.2482443259287193,1.8101609094657363
1.7678355579197356,0.6228275320146265,1.0977235353082428,-0.552912799762995,1.765409477521653
1.8334700932776866,0.6228275320146265,1.0357487614429715,-0.552912799762995,1.832536625437778
1.8334700932776866,0.6228275320146265,1.0626044967845882,-0.552912799762995,1.832536625437778
1.855348271730337,0.6228275320146265,1.0811969289441707,-0.552912799762995,1.8549123414098199
1.920982807088288,0.6228275320146265,1.0708677999666258,0.8476657630828621,1.9108516313399249
1.8772264501829874,0.6228275320146265,1.0708677999666258,0.8476657630828621,1.8772880573818618
1.8991046286356377,0.6228275320146265,1.0543411936025522,0.8476657630828621,1.8996637733539037
1.9428609855409384,0.6228275320146265,1.0006297229193168,0.8476657630828621,1.9444152052979875
1.986617342446239,0.6228275320146265,1.0357487614429715,-0.552912799762995,1.9891666372420713
2.0741300562568403,0.6228275320146265,1.0543411936025522,0.8476657630828621,2.067481643144218
2.0741300562568403,0.6228275320146265,1.0357487614429715,2.2482443259287193,2.067481643144218
2.096008234709491,0.6228275320146265,1.0626044967845882,3.6578009564851186,2.0898573591162592
2.0741300562568403,0.6228275320146265,1.0274854582609345,2.2482443259287193,2.0786695011302387
2.117886413162141,0.6228275320146265,0.9820372907597352,2.2482443259287193,2.112233075088301
2.1397645916147914,0.6228275320146265,0.9903005939417714,6.458958082176832,2.1457966490463645
2.183520948520092,0.6228275320146265,1.017156329283389,2.2482443259287193,2.1905480809904483
2.2053991269727424,1.0795285875352478,1.0357487614429715,0.8476657630828621,2.21292379696249
2.1397645916147914,0.6228275320146265,1.0357487614429715,2.2482443259287193,2.1457966490463645
2.161642770067442,0.6228275320146265,1.017156329283389,5.058379519330975,2.1681723650184064
2.2053991269727424,0.6228275320146265,0.9634448586001536,2.2482443259287193,2.21292379696249
2.2053991269727424,0.6228275320146265,1.0006297229193168,0.8476657630828621,2.21292379696249
2.3366681976886445,0.6228275320146265,1.008893026101353,2.2482443259287193,2.3359902348087203
2.358546376141295,0.6228275320146265,0.9903005939417714,2.2482443259287193,2.3583659507807617
2.314790019235994,0.6228275320146265,1.0006297229193168,2.2482443259287193,2.3248023768226997
2.4023027330465956,0.6228275320146265,1.017156329283389,2.2482443259287193,2.391929524738825
2.4023027330465956,0.6228275320146265,0.9448524264405721,0.8476657630828621,2.391929524738825
2.4023027330465956,0.6228275320146265,0.9737739875776992,2.2482443259287193,2.4031173827248455
2.424180911499246,0.6228275320146265,1.008893026101353,2.2482443259287193,2.425493098696888
2.424180911499246,0.6228275320146265,0.9634448586001536,3.6578009564851186,2.414305240710866
2.424180911499246,0.6228275320146265,1.008893026101353,3.6578009564851186,2.414305240710866
2.4679372684045466,0.6228275320146265,0.9820372907597352,2.2482443259287193,2.4702445306409717
2.5335718037624977,0.6228275320146265,0.9448524264405721,0.8476657630828621,2.537371678557097
2.5773281606677982,0.6228275320146265,0.9283258200764991,3.6578009564851186,2.57093525251516
2.621084517573099,0.6228275320146265,0.8209028787100277,5.058379519330975,2.6156866844592437
2.621084517573099,0.16612647649400497,0.7031508083660106,2.2482443259287193,2.6156866844592437
2.6648408744784,0.16612647649400497,0.5151606609746853,0.8476657630828621,2.6604381164033275
2.6648408744784,-0.2905745790266165,0.38088198426659614,2.2482443259287193,2.6604381164033275
2.5992063391204487,-0.2905745790266165,0.11025880505490836,2.2482443259287193,2.5933109684872013
2.5773281606677982,-0.2905745790266165,-0.05087560699479927,2.2482443259287193,2.582123110501181
2.5992063391204487,-0.7472756345472379,-0.17689098052085236,3.6578009564851186,2.5933109684872013
2.5773281606677982,-0.7472756345472379,-0.3483545215481055,2.2482443259287193,2.582123110501181
2.621084517573099,-1.2039766900678595,-0.5817928364406301,2.2482443259287193,2.626874542445264
2.5773281606677982,-1.2039766900678595,-0.8338235834927362,0.8476657630828621,2.582123110501181
2.5992063391204487,-1.2039766900678595,-1.2015405750933508,3.6578009564851186,2.5933109684872013
2.621084517573099,-1.2039766900678595,-1.3089635164598223,-0.552912799762995,2.626874542445264
2.621084517573099,-1.2039766900678595,-1.33581925180144,3.6578009564851186,2.626874542445264
2.6648408744784,-1.2039766900678595,-1.3709382903250944,0.8476657630828621,2.671625974389348
2.6429626960257493,-1.2039766900678595,-1.3626749871430583,3.6578009564851186,2.638062400431285
2.6648408744784,-1.2039766900678595,-1.3544116839610216,2.2482443259287193,2.6604381164033275
2.621084517573099,-1.2039766900678595,-1.3440825549834767,-0.552912799762995,2.626874542445264
2.6429626960257493,-1.2039766900678595,-1.3440825549834767,0.8476657630828621,2.638062400431285
2.6648408744784,-1.2039766900678595,-1.327555948619404,0.8476657630828621,2.6604381164033275
2.621084517573099,-1.2039766900678595,-1.3544116839610216,3.6578009564851186,2.6156866844592437
2.621084517573099,-1.2039766900678595,-1.3544116839610216,3.6578009564851186,2.6156866844592437
2.621084517573099,-1.2039766900678595,-1.3440825549834767,2.2482443259287193,2.6156866844592437
2.5992063391204487,-1.2039766900678595,-1.327555948619404,3.6578009564851186,2.5933109684872013
2.5773281606677982,-1.2039766900678595,-1.3089635164598223,3.6578009564851186,2.57093525251516
2.621084517573099,-1.2039766900678595,-1.3089635164598223,0.8476657630828621,2.626874542445264
2.5773281606677982,-1.2039766900678595,-1.3172268196418584,2.2482443259287193,2.582123110501181
2.5992063391204487,-1.2039766900678595,-1.327555948619404,0.8476657630828621,2.5933109684872013
2.5773281606677982,-1.2039766900678595,-1.3089635164598223,0.8476657630828621,2.57093525251516
2.5335718037624977,-1.2039766900678595,-1.3172268196418584,0.8476657630828621,2.537371678557097
2.5554499822151477,-1.2039766900678595,-1.3089635164598223,-0.552912799762995,2.5485595365431175
2.5554499822151477,-1.2039766900678595,-1.300700213277786,-0.552912799762995,2.5485595365431175
2.5773281606677982,-1.2039766900678595,-1.3172268196418584,0.8476657630828621,2.582123110501181
2.5773281606677982,-1.2039766900678595,-1.3089635164598223,0.8476657630828621,2.57093525251516
