Time_Index,Original_OD,Reconstructed_OD,Original_Log_Delta,Generated_Log_Delta
0,297000000.0,280835269.23236704,0.05537796,-0.0005862263615888721
1,317000000.0,284930380.24081975,0.06516838,0.014476603627026362
2,327000000.0,287971406.19305295,0.031059265,0.010616320584364866
3,337000000.0,284934631.5682244,0.030122757,-0.010601400112616321
4,363000000.0,283373092.17302513,0.07431984,-0.0054954147543067825
5,368000000.0,281940068.0459631,0.013679504,-0.0050698525962926105
6,378000000.0,283469032.31054866,0.0268116,0.005408360037059649
7,383000000.0,281729995.9489737,0.013141632,-0.006153732623379229
8,383000000.0,284769877.9051901,0.0,0.01073225705636391
9,378000000.0,289025573.02551305,-0.013141632,0.014833764013268535
10,373000000.0,292714371.6921231,-0.013315201,0.012682120734527126
11,363000000.0,292428374.2495975,-0.027175903,-0.0009775305847458697
12,363000000.0,291713905.6654028,0.0,-0.0024462154685272706
13,348000000.0,292421493.1595748,-0.04220009,0.002422684335474712
14,363000000.0,293751934.28845257,0.04220009,0.0045394190565559225
15,363000000.0,294305807.8157871,0.0,0.0018837391346514785
16,358000000.0,289414387.6597485,-0.013870239,-0.016759860942047605
17,368000000.0,291560219.14278805,0.027549744,0.007387039694264613
18,363000000.0,291899933.9036509,-0.013679504,0.0011644832898285021
19,363000000.0,298637022.411732,0.0,0.022817812637685998
20,358000000.0,300942528.1397375,-0.013870239,0.007690446042541797
21,358000000.0,301756213.7638928,0.0,0.0027001420840899472
22,368000000.0,300644310.03559566,0.027549744,-0.003691580425640495
23,358000000.0,303709755.6248811,-0.027549744,0.010144622343192654
24,363000000.0,303984994.0095647,0.013870239,0.0009058442702378257
25,363000000.0,306163238.5330208,0.0,0.007140080594567348
26,363000000.0,305728105.598296,0.0,-0.0014222558048830876
27,368000000.0,307654047.26609665,0.013679504,0.006279765356720317
28,368000000.0,308298978.7779125,0.0,0.002094093933233988
29,368000000.0,306031384.8055446,0.0,-0.007382361039903165
30,358000000.0,301505613.9130724,-0.027549744,-0.014899025479235984
31,363000000.0,304688195.3717585,0.013870239,0.010500307497588558
32,348000000.0,308775590.08790344,-0.04220009,0.013325823948056795
33,358000000.0,308810538.87439,0.02832985,0.00011317866410881809
34,343000000.0,308795161.58098394,-0.04280281,-4.9796474991895164e-05
35,358000000.0,310160554.7228574,0.04280281,0.0044119322940403575
36,353000000.0,311690829.69547844,-0.014064789,0.004921684183545425
37,353000000.0,316101589.98866343,0.0,0.01405188317674395
38,337000000.0,319281056.84423524,-0.04638481,0.01000812159409118
39,327000000.0,315261875.91913015,-0.030122757,-0.01266812525283974
40,327000000.0,316780375.9327419,0.0,0.004805067796784409
41,322000000.0,317199630.80500513,-0.01540947,0.0013226124764963163
42,307000000.0,318706968.00006855,-0.04770279,0.00474075916490091
43,312000000.0,319832567.8416787,0.016155243,0.003525548362522263
44,302000000.0,319139653.643621,-0.032575607,-0.0021688406674746355
45,312000000.0,318837777.7409144,0.032575607,-0.000946352991143192
46,317000000.0,323029360.29475176,0.01589775,0.013060778126803474
47,312000000.0,328099554.8295655,-0.01589775,0.015573865315886358
48,302000000.0,337822528.3004021,-0.032575607,0.029203610235680553
49,312000000.0,337451908.9974364,0.032575607,-0.001097685088338734
50,307000000.0,340827188.9545352,-0.016155243,0.009952563268887507
51,297000000.0,339924972.6882996,-0.033115387,-0.002650646873600751
52,297000000.0,339354354.65365386,0.0,-0.0016800692907872018
53,291000000.0,340219137.10175097,-0.02040863,0.002545075478621001
54,297000000.0,341560792.93322855,0.02040863,0.003935749658326489
55,281000000.0,343026390.85343295,-0.05537796,0.004281704928113294
56,286000000.0,341392330.4525196,0.017637253,-0.004775040351458636
57,291000000.0,345485523.8532652,0.017332077,0.011918398089381325
58,281000000.0,342618596.66968423,-0.03496933,-0.008332877793503068
59,286000000.0,340769490.765781,0.017637253,-0.005411596867272333
60,286000000.0,344594140.0284025,0.0,0.011161050261301615
61,297000000.0,344230513.7882238,0.037740707,-0.0010557876288036748
62,291000000.0,344285441.8342138,-0.02040863,0.0001595548967556282
63,281000000.0,347149250.0790055,-0.03496933,0.008283716898989758
64,281000000.0,350587918.43789756,0.0,0.009856709243091627
65,276000000.0,352573307.3705421,-0.017953873,0.005647052584275568
66,266000000.0,351231672.691068,-0.03690338,-0.0038125229078325292
67,291000000.0,358992746.60469896,0.089826584,0.021856141945739597
68,276000000.0,359593804.3399628,-0.052923203,0.0016728892981604485
69,266000000.0,361279408.0711105,-0.03690338,0.004676569399944449
70,261000000.0,364092637.53103864,-0.018976212,0.00775669143054522
71,256000000.0,364003236.96330035,-0.01934433,-0.0002455736155625144
72,256000000.0,364364675.9905093,0.0,0.0009924628761055262
73,256000000.0,370834160.29935914,0.0,0.017599732160917904
74,271000000.0,373043361.0917545,0.056941986,0.005939707072562271
75,276000000.0,373130109.059069,0.018281937,0.00023251421063822308
76,276000000.0,373462343.68066967,0.0,0.0008900026843610713
77,281000000.0,374108045.5697673,0.017953873,0.00172746823297032
78,291000000.0,374516352.86845636,0.03496933,0.0010908202832509884
79,286000000.0,372601644.50251347,-0.017332077,-0.005125596129586587
80,276000000.0,372320617.60736847,-0.035591125,-0.0007545133842050771
81,271000000.0,372676306.4630916,-0.018281937,0.0009548734263404037
82,266000000.0,371225664.74177396,-0.018621445,-0.0039000933355351364
83,266000000.0,364862630.62813604,0.0,-0.017289210151417104
84,266000000.0,365848743.0329579,0.0,0.002699049279943193
85,266000000.0,371313078.2652422,0.0,0.01482560588951677
86,261000000.0,368381204.65160644,-0.018976212,-0.00792729925074141
87,261000000.0,365902457.2328328,0.0,-0.006751496630258671
88,240000000.0,369160791.0134008,-0.08388138,0.008865509545351546
89,245000000.0,374319510.015568,0.020618439,0.013877440424567006
90,245000000.0,377856330.23585844,0.0,0.009404307071941505
91,256000000.0,377530529.59057224,0.04391861,-0.000862606123605648
92,266000000.0,379834498.28491116,0.03832054,0.00608418851351334
93,256000000.0,386807829.2705813,-0.03832054,0.01819237748801073
94,276000000.0,390399436.6015608,0.07522392,0.009242406898486152
95,276000000.0,391737087.0568411,0.0,0.003420507082875742
96,286000000.0,388609627.33070654,0.035591125,-0.008015607455978633
97,291000000.0,389650030.9635978,0.017332077,0.0026736687211791664
98,286000000.0,390125021.1196271,-0.017332077,0.0012182749717578331
99,302000000.0,391460462.0978249,0.05443573,0.0034172647943069255
100,307000000.0,394116001.6328268,0.016420364,0.006760766831855473
101,312000000.0,393610765.26060504,0.016155243,-0.0012827707848371223
102,327000000.0,392403149.8319704,0.046957016,-0.003072760814087784
103,343000000.0,397223846.2738826,0.047769547,0.012210211551474712
104,343000000.0,399375260.573707,0.0,0.0054015112801195034
105,332000000.0,403090430.1063883,-0.03259468,0.009259451512721712
106,343000000.0,400285213.95429224,0.03259468,-0.006983601192921341
107,327000000.0,393418562.8611466,-0.047769547,-0.01730323734616331
108,343000000.0,397602757.37824595,0.047769547,0.01057931925537248
109,337000000.0,398330867.84297806,-0.01764679,0.0018295763484867237
110,337000000.0,400208709.7189931,0.0,0.0047031991657792305
111,337000000.0,400295934.0833906,0.0,0.00021792344471332397
112,343000000.0,398624201.78551555,0.01764679,-0.004184985864613134
113,348000000.0,393234041.69541687,0.014472961,-0.013614162352094086
114,363000000.0,395738614.8440582,0.04220009,0.006348969234943319
115,363000000.0,397270734.3169438,0.0,0.00386406889363764
116,353000000.0,400756986.7025839,-0.027935028,0.00873722672009922
117,353000000.0,403404697.5670138,0.0,0.0065850449826162965
118,348000000.0,404342934.9508857,-0.01426506,0.0023230963931208785
119,353000000.0,407395582.7744333,0.01426506,0.00752129447483967
120,358000000.0,414149992.82135427,0.014064789,0.016443548454977516
121,353000000.0,414324387.0142227,-0.014064789,0.0004210008171397833
122,358000000.0,415162522.6483213,0.014064789,0.002020853878632004
123,353000000.0,420818328.99115103,-0.014064789,0.013531153556776757
124,358000000.0,421673518.0403276,0.014064789,0.0020301427151145014
125,373000000.0,424928752.82203275,0.041046143,0.0076901537739518435
126,378000000.0,419535878.9792393,0.013315201,-0.012772464242442915
127,378000000.0,418624499.78448695,0.0,-0.0021747139975410636
128,373000000.0,419153295.8827798,-0.013315201,0.0012623780941697887
129,373000000.0,424335607.9854542,0.0,0.012287956099612744
130,373000000.0,420340278.8824288,0.0,-0.0094600993385058
131,378000000.0,423819606.3052818,0.013315201,0.008243336804621668
132,383000000.0,427389646.6791818,0.013141632,0.00838821075855017
133,389000000.0,426358535.1603331,0.015542984,-0.00241549450324404
134,394000000.0,426540870.2233436,0.012771606,0.0004275652313440563
135,414000000.0,426862577.4118563,0.049516678,0.0007539393112226615
136,404000000.0,413562120.8237508,-0.02445221,-0.0316543937519304
137,409000000.0,419229758.2722961,0.012300491,0.01361138381396587
138,419000000.0,425521435.92053,0.02415657,0.014896206203832023
139,414000000.0,438456097.91508335,-0.012004852,0.029944363084178176
140,409000000.0,442976837.5410782,-0.012151718,0.010257795197605314
141,414000000.0,444359455.7409412,0.012151718,0.0031163366792914173
142,424000000.0,442503155.1106535,0.023866653,-0.004186225281041363
143,419000000.0,445445604.67237955,-0.011861801,0.006627545339150324
144,419000000.0,448089802.49275243,0.0,0.005918524364637594
145,424000000.0,448295366.47529864,0.011861801,0.0004586510202653979
146,430000000.0,449577320.7818954,0.014051437,0.002855538866233387
147,430000000.0,453032845.76460445,0.0,0.007656775854727762
148,430000000.0,448775770.00055933,0.0,-0.009441265722389087
149,424000000.0,453857663.3429067,-0.014051437,0.011260267680059355
150,424000000.0,453520708.3617273,0.0,-0.0007427000844974253
151,445000000.0,453642780.66296947,0.04834175,0.00026912966285680363
152,450000000.0,452420364.4520732,0.011173248,-0.0026983041064434716
153,455000000.0,447185240.18828064,0.011049271,-0.011638841140223986
154,445000000.0,443171710.8568128,-0.022222519,-0.009015612248806372
155,435000000.0,443643383.3294793,-0.022729874,0.001063744900679139
156,424000000.0,443637629.94573045,-0.025611877,-1.2968571766466992e-05
157,435000000.0,444512076.6766734,0.025611877,0.0019691432806428462
158,445000000.0,441547722.70268065,0.022729874,-0.006691117316980286
159,419000000.0,441545218.87434584,-0.060203552,-5.6705884892336265e-06
160,440000000.0,439670317.5260343,0.04890251,-0.004255268092725056
161,450000000.0,442482635.6840118,0.022474289,0.0063760545728935875
162,455000000.0,445877041.65405405,0.011049271,0.007642000365633477
163,455000000.0,442395496.4953865,0.0,-0.007838952207333131
164,450000000.0,444980863.10084844,-0.011049271,0.005827006529518279
165,450000000.0,442952390.5994024,0.0,-0.004568983134243843
166,450000000.0,444933129.7135859,0.0,0.004461706728445834
167,455000000.0,436734180.1101317,0.011049271,-0.01859927405269583
168,455000000.0,438216932.44548535,0.0,0.0033893408066293087
169,460000000.0,435549845.9629476,0.010929108,-0.006104820718079629
170,465000000.0,433025938.5936419,0.010810852,-0.005811616022228469
171,450000000.0,440532618.9919105,-0.03278923,0.017186861977954465
172,450000000.0,445238637.7089738,0.0,0.010625910382802453
173,455000000.0,439051010.93688536,0.011049271,-0.013994798583749114
174,470000000.0,435696677.02567273,0.032434464,-0.007669298012810405
175,486000000.0,431809358.08076984,0.033475876,-0.008962116242476437
176,496000000.0,438279460.4765011,0.020368576,0.014872554431242746
177,491000000.0,440611800.5043619,-0.010131836,0.005307472281112062
178,470000000.0,434741401.9402364,-0.043712616,-0.013412840797585309
179,491000000.0,441041689.15861636,0.043712616,0.01438802820025999
180,522000000.0,439477102.06523657,0.061222076,-0.003553788415704838
181,542000000.0,443937372.88178605,0.037599564,0.010097884612747618
182,562000000.0,447380747.1711374,0.03623581,0.0077265150171962685
183,527000000.0,442820109.01585966,-0.064302444,-0.010246402314313464
184,491000000.0,447652121.58066624,-0.070755005,0.010852803324422861
185,476000000.0,451820769.4751214,-0.03102684,0.009269157041719565
186,470000000.0,450563485.9619201,-0.012685776,-0.002786583030891918
187,460000000.0,443806551.4601358,-0.021505356,-0.015110217873513902
188,450000000.0,444712382.3746123,-0.021978378,0.0020389688813752297
189,435000000.0,441086443.02069783,-0.033903122,-0.008186869303204298
190,445000000.0,443693118.126656,0.022729874,0.005892275911793171
191,424000000.0,443990486.8507164,-0.04834175,0.0006699881208048772
192,445000000.0,450495920.8400466,0.04834175,0.014545886077539549
193,440000000.0,454223742.46773356,-0.011301041,0.008240879193554472
194,445000000.0,456689311.6592958,0.011301041,0.005413415037858586
195,440000000.0,458905017.666453,-0.011301041,0.004839938958625962
196,424000000.0,460775964.96049947,-0.03704071,0.004068693189054435
197,414000000.0,461676514.9195002,-0.023866653,0.001952513033983462
198,419000000.0,462977411.9827827,0.012004852,0.0028138050004551914
199,419000000.0,463064055.18730277,0.0,0.0001871259718790011
200,419000000.0,465494848.63567954,0.0,0.005235637698567797
201,419000000.0,466732892.60290116,0.0,0.0026560992347839786
202,404000000.0,465924078.16919255,-0.03645706,-0.0017344311184408377
203,414000000.0,471969395.92841965,0.02445221,0.012891445880058675
204,399000000.0,468370162.92027146,-0.03690529,-0.007655214653495146
205,404000000.0,469380346.004378,0.012453079,0.0021544823815044588
206,409000000.0,471075604.77447736,0.012300491,0.0036051887488319917
207,404000000.0,472151435.12021047,-0.012300491,0.002281170421876829
208,409000000.0,469054740.5248106,0.012300491,-0.006580292075194453
209,399000000.0,466104367.40187436,-0.02475357,-0.006309905741154264
210,409000000.0,463912731.63176244,0.02475357,-0.004713117273596096
211,409000000.0,470614712.25400454,0.0,0.014343282405305581
212,414000000.0,475856382.0401758,0.012151718,0.011076351739488406
213,409000000.0,472184525.2581571,-0.012151718,-0.007746237771601661
214,404000000.0,469375012.20797217,-0.012300491,-0.005967804003276095
215,399000000.0,470663397.9631483,-0.012453079,0.0027411359960648057
216,389000000.0,471704423.62900007,-0.025382996,0.0022093837787499986
217,399000000.0,484845447.53470165,0.025382996,0.02747760697393076
218,394000000.0,497943938.12579715,-0.012611389,0.02665732136699673
219,394000000.0,500018147.66308856,0.0,0.00415689644657298
220,383000000.0,506325829.82257277,-0.02831459,0.01253600141789034
221,378000000.0,507331925.71173906,-0.013141632,0.0019850806922798213
222,373000000.0,506312027.6502837,-0.013315201,-0.002012340530905569
223,368000000.0,514943600.76651174,-0.013496399,0.01690424692303303
224,363000000.0,513877327.88467014,-0.013679504,-0.0020728063240537534
225,368000000.0,514979190.8508886,0.013679504,0.0021419184646538367
226,368000000.0,513129433.285749,0.0,-0.003598373785892811
227,383000000.0,513239302.3608,0.03995323,0.0002140927946332658
228,404000000.0,507585881.2477454,0.05337906,-0.011076292008705704
229,404000000.0,511447148.8498924,0.0,0.007578333513897913
230,414000000.0,514430475.01070476,0.02445221,0.005816160721996356
231,409000000.0,515630199.89503586,-0.012151718,0.002329426714477323
232,404000000.0,516205307.65178466,-0.012300491,0.0011147277101731326
233,424000000.0,524127636.03158635,0.048318863,0.015230665479963667
234,435000000.0,525819652.05017036,0.025611877,0.0032230522475210884
235,450000000.0,519655085.37348634,0.033903122,-0.01179299298289486
236,430000000.0,524539097.7488871,-0.045463562,0.009354673816269414
237,409000000.0,528505303.36884147,-0.05006981,0.007532872062456656
238,409000000.0,526390721.23307216,0.0,-0.004009086997617348
239,414000000.0,520462091.2401434,0.012151718,-0.011326699047239184
240,409000000.0,523091477.6687093,-0.012151718,0.005039304298793139
241,424000000.0,522147069.86792034,0.03601837,-0.0018070670279258516
242,419000000.0,523626803.209432,-0.011861801,0.0028299317226124854
243,419000000.0,518570897.0459264,0.0,-0.00970246974237602
244,430000000.0,521010206.3411016,0.025913239,0.004692878244882324
245,424000000.0,524179645.9427743,-0.014051437,0.006064829867307951
246,440000000.0,533099814.4595038,0.03704071,0.016874214453014916
247,435000000.0,530240698.5714724,-0.011428833,-0.005377624087831413
248,450000000.0,530749767.3645444,0.033903122,0.0009596105685816135
249,455000000.0,541819149.9341187,0.011049271,0.020641611781883406
250,455000000.0,535557452.3470449,0.0,-0.011624102621587007
251,460000000.0,539226972.8502784,0.010929108,0.0068284107500657725
252,481000000.0,542059378.6886705,0.044639587,0.005238968036035729
253,486000000.0,539280196.268544,0.010341644,-0.00514026972446029
254,486000000.0,536145642.4712441,0.0,-0.005829435300874725
255,486000000.0,538178582.2192124,0.0,0.0037845971034804475
256,491000000.0,541577219.3249897,0.01023674,0.006295216612566214
257,501000000.0,546124704.9400184,0.020160675,0.008361688086434069
258,486000000.0,549008678.1666753,-0.030397415,0.0052669016176220464
259,491000000.0,544526722.3462057,0.01023674,-0.00819723058855111
260,486000000.0,551000599.5673617,-0.01023674,0.01181887927503503
261,476000000.0,548351548.1520298,-0.0207901,-0.004819304802374533
262,486000000.0,548087039.6944805,0.0207901,-0.0004824865990885902
263,486000000.0,550884037.881173,0.0,0.005090223542792754
264,481000000.0,552501731.7299044,-0.010341644,0.0029322383020799134
265,496000000.0,554244605.1536726,0.03071022,0.003149547111943315
266,496000000.0,555489043.7775241,0.0,0.0022427708606973687
267,501000000.0,546906168.8489705,0.010028839,-0.015571635757961326
268,522000000.0,544128879.7730979,0.0410614,-0.0050911198099572045
269,527000000.0,538428488.3267912,0.0095329285,-0.010531440274001956
270,532000000.0,540868106.7341542,0.009443283,0.004520763937291488
271,527000000.0,541388232.6181548,-0.009443283,0.0009611880386066597
272,522000000.0,539863584.8622253,-0.0095329285,-0.0028201548275366235
273,522000000.0,545118833.8960273,0.0,0.009687327722215706
274,527000000.0,547640523.213779,0.0095329285,0.004615277421339347
275,537000000.0,544205926.7906154,0.018798828,-0.006291375040852556
276,542000000.0,546724873.5487121,0.009267807,0.004617985364161123
277,537000000.0,550615932.5030826,-0.009267807,0.0070918264243433286
278,532000000.0,552902158.4723397,-0.009355545,0.004143528337120121
279,516000000.0,555383127.9173965,-0.030536652,0.004477138909499237
280,511000000.0,554114435.4242147,-0.009737015,-0.0022869686028386665
281,522000000.0,550311881.0080646,0.021297455,-0.006886053664731214
282,516000000.0,548809460.202347,-0.01156044,-0.0027338596479629766
283,532000000.0,542475367.8588686,0.030536652,-0.011608634725801828
284,522000000.0,545145098.2200192,-0.018976212,0.004909314979678885
285,516000000.0,552718343.1251485,-0.01156044,0.013796552006165782
286,527000000.0,554780567.8584479,0.021093369,0.0037241158366283283
287,522000000.0,549269568.1279521,-0.0095329285,-0.00998332471099012
288,516000000.0,546921166.0784078,-0.01156044,-0.004284666105992546
289,516000000.0,544243939.4829115,0.0,-0.004907107007148887
290,486000000.0,543611948.8999413,-0.059898376,-0.0011619014261336912
291,486000000.0,546834451.7428035,0.0,0.005910445890839345
292,481000000.0,547648243.8094491,-0.010341644,0.0014870810108240406
293,496000000.0,535931167.4864975,0.03071022,-0.021627456033290856
294,506000000.0,532511126.1091133,0.019960403,-0.006401942488995954
295,511000000.0,533106868.2927064,0.009832382,0.0011181159642360162
296,511000000.0,534581184.4526347,0.0,0.002761700092431191
297,511000000.0,534805932.8096489,0.0,0.0004203311536031232
298,501000000.0,528840088.5193402,-0.019763947,-0.011217842651337559
299,501000000.0,531951175.33158255,0.0,0.005865613411627236
300,506000000.0,529747194.28821784,0.009931564,-0.004151808597166793
301,496000000.0,536694752.14250296,-0.019960403,0.013029600285536942
302,506000000.0,537823751.039379,0.019960403,0.0021014050646804383
303,501000000.0,533730872.0109992,-0.009931564,-0.007639179271592751
304,496000000.0,530773450.16895324,-0.010028839,-0.005556444233042426
305,501000000.0,528081011.51770234,0.010028839,-0.005085579844214432
306,506000000.0,537139988.8235834,0.009931564,0.01700904451659024
307,501000000.0,543644918.3264169,-0.009931564,0.012037562716160462
308,511000000.0,538801870.7025267,0.019763947,-0.008948393564805038
309,496000000.0,555180672.2853014,-0.029792786,0.02994567991076478
310,511000000.0,559605733.1164517,0.029792786,0.007938891344278207
311,511000000.0,564513113.3333192,0.0,0.008731125552256788
312,511000000.0,566815379.1606859,0.0,0.004070027442516009
313,547000000.0,573427811.5110509,0.068078995,0.011598414323247841
314,547000000.0,572739227.9291946,0.0,-0.0012015415572167848
315,557000000.0,570513945.535145,0.018115997,-0.0038929001134371264
316,547000000.0,569883777.2243707,-0.018115997,-0.0011051729801590604
317,547000000.0,567472823.6285589,0.0,-0.004239580102173801
318,562000000.0,567121292.32008,0.027053833,-0.0006196600436858819
319,562000000.0,571589832.3446574,0.0,0.00784845755105109
320,562000000.0,574251517.1228774,0.0,0.004645825649198028
321,578000000.0,573907590.1381124,0.028072357,-0.0005990929181771579
322,562000000.0,574023634.2135041,-0.028072357,0.00020217949180969304
323,562000000.0,577107686.383862,0.0,0.005358310549197002
324,542000000.0,582715867.7636968,-0.03623581,0.00967082461535531
325,537000000.0,583231803.2164046,-0.009267807,0.0008850062472327855
326,527000000.0,582221980.3814675,-0.018798828,-0.0017329268682459735
327,532000000.0,588171266.4107516,0.009443283,0.010166390290526942
328,527000000.0,585065890.4757135,-0.009443283,-0.005293700712946159
329,537000000.0,581663994.966479,0.018798828,-0.005831521403990762
330,527000000.0,581983317.254221,-0.018798828,0.0005488300319245625
331,511000000.0,581655653.6087856,-0.030830383,-0.0005631706436444251
332,511000000.0,585830183.8057525,0.0,0.00715134668745168
333,501000000.0,594057910.3246703,-0.019763947,0.013946847886907256
334,506000000.0,594872484.361669,0.009931564,0.0013702638406678982
335,496000000.0,595988293.094593,-0.019960403,0.0018739538333617735
336,491000000.0,596942944.6884811,-0.010131836,0.0016005143757507703
337,486000000.0,592818596.3869878,-0.01023674,-0.006933094876221858
338,476000000.0,588386668.6201732,-0.0207901,-0.0075041124443640285
339,481000000.0,586151976.2401452,0.010448456,-0.0038052303962815585
340,470000000.0,586919926.7312343,-0.023134232,0.0013092984306394796
341,481000000.0,585066684.9093667,0.023134232,-0.0031625674698159177
342,470000000.0,578532072.5629834,-0.023134232,-0.011231846032432883
343,465000000.0,574987199.4325544,-0.010694504,-0.006146207307849446
344,465000000.0,576963654.6346104,0.0,0.0034314955963651145
345,465000000.0,584213097.3782175,0.0,0.012486534752482042
346,455000000.0,581154981.9397482,-0.02173996,-0.005248337435014582
347,455000000.0,577525841.4432244,0.0,-0.006264283124292946
348,450000000.0,581404072.1531341,-0.011049271,0.006692803664942471
349,440000000.0,591655208.4164797,-0.022474289,0.017478054849622934
350,440000000.0,587532707.8788959,0.0,-0.00699212954324244
351,435000000.0,592451169.2439529,-0.011428833,0.008336537380876405
352,424000000.0,596851963.2656167,-0.025611877,0.00740066007937299
353,435000000.0,598057253.6940689,0.025611877,0.0020173764167524385
354,445000000.0,601228688.6937581,0.022729874,0.005288884460808641
355,440000000.0,601470880.0184011,-0.011301041,0.0004027461790417136
356,430000000.0,595963503.226959,-0.022989273,-0.009198692976879195
357,424000000.0,604035277.1554428,-0.014051437,0.013453173121793418
358,409000000.0,609095215.7877796,-0.03601837,0.008342001136292191
359,419000000.0,615725882.2912762,0.02415657,0.010827264960851173
360,414000000.0,617793251.9837567,-0.012004852,0.0033519895569575726
361,409000000.0,618779261.2552084,-0.012151718,0.0015947459123740136
362,389000000.0,618856070.3043946,-0.050136566,0.00012412226336209337
363,409000000.0,611885359.5936496,0.050136566,-0.011327781905428328
364,389000000.0,617143223.743687,-0.050136566,0.008556182171627695
365,389000000.0,618290783.4995784,0.0,0.0018577440465489413
366,399000000.0,616033165.1214703,0.025382996,-0.0036580686912061847
367,389000000.0,621522745.8092798,-0.025382996,0.008871706958955564
368,383000000.0,621435882.7687126,-0.015542984,-0.0001397681929435784
369,373000000.0,622547784.2547847,-0.026456833,0.0017876469147525861
370,373000000.0,627101988.5977356,0.0,0.007288801397525779
371,363000000.0,623688981.9598835,-0.027175903,-0.005457370878036549
372,373000000.0,630492984.6663481,0.027175903,0.01085021095609781
373,368000000.0,642221688.3035512,-0.013496399,0.018431524245122052
374,368000000.0,643696362.4042236,0.0,0.0022935750008636242
375,368000000.0,642290471.2927327,0.0,-0.0021864791065449654
376,368000000.0,643772767.6275482,0.0,0.002305169678042753
377,358000000.0,645287879.0814155,-0.027549744,0.0023507228390386484
378,363000000.0,633090973.8863235,0.013870239,-0.01908241094257648
379,358000000.0,633291074.1616507,-0.013870239,0.000316018814860956
380,363000000.0,626541280.6149101,0.013870239,-0.010715486241045374
381,343000000.0,631090692.3858423,-0.05667305,0.007234917230361948
382,358000000.0,633086604.0320452,0.04280281,0.003157647760722088
383,368000000.0,622091019.2207447,0.027549744,-0.01752081281647607
384,368000000.0,632163204.0361853,0.0,0.01606117985875377
385,389000000.0,635392377.0744761,0.055496216,0.0050951296689170835
386,368000000.0,639634613.2847489,-0.055496216,0.006654371862595984
387,373000000.0,638614116.6171521,0.013496399,-0.001596710969526312
388,378000000.0,636082597.6010063,0.013315201,-0.003971960257071344
389,378000000.0,633208152.1677794,0.0,-0.004529222871247771
390,399000000.0,639398711.4670045,0.05406761,0.009729018923360287
391,389000000.0,640876216.2759649,-0.025382996,0.0023081065369250807
392,394000000.0,641718325.0968902,0.012771606,0.0013131335192342563
393,383000000.0,644624398.3923078,-0.02831459,0.004518357645193011
394,394000000.0,641959912.6891053,0.02831459,-0.004141958656791387
395,409000000.0,645487730.7071749,0.03736496,0.0054803422348782905
396,404000000.0,647054311.3560963,-0.012300491,0.002424031660143626
397,419000000.0,633930947.9899971,0.03645706,-0.02049020067792069
398,435000000.0,631297954.6234893,0.03747368,-0.004162088238747925
399,440000000.0,626449530.3189365,0.011428833,-0.0077097324835501985
400,440000000.0,626084765.1907082,0.0,-0.0005824433548005758
401,445000000.0,628529787.2090926,0.011301041,0.0038976514484728737
402,455000000.0,632025656.7827371,0.022222519,0.005546568463402025
403,445000000.0,632107629.0285168,-0.022222519,0.00012968924529308022
404,455000000.0,633187271.0499762,0.022222519,0.0017065464871684078
405,450000000.0,631798184.9787357,-0.011049271,-0.0021962096448733216
406,450000000.0,632144245.2623732,0.0,0.0005475886939247112
407,455000000.0,621322429.1703763,0.011049271,-0.017267447474649665
408,470000000.0,616328681.1647117,0.032434464,-0.008069762251705482
409,481000000.0,611568782.7437673,0.023134232,-0.007752963750375572
410,496000000.0,608004660.4713516,0.03071022,-0.005844883617133319
411,506000000.0,609932001.2492092,0.019960403,0.003164930406066446
412,501000000.0,612577817.5750241,-0.009931564,0.004328505859121145
413,516000000.0,604949207.2424839,0.029500961,-0.012531483915582892
414,527000000.0,603016934.8703467,0.021093369,-0.003199218840397232
415,522000000.0,605630488.0296724,-0.0095329285,0.004324763671143709
416,511000000.0,602499997.5698246,-0.021297455,-0.005182383034749428
417,516000000.0,602064101.1864725,0.009737015,-0.0007237413149345415
418,511000000.0,599812306.971711,-0.009737015,-0.0037471354529762255
419,532000000.0,601552362.5589892,0.040273666,0.002896800360804164
420,562000000.0,599445054.3587909,0.05485916,-0.0035092671027080096
421,578000000.0,605345299.4719098,0.028072357,0.00979472032631009
422,573000000.0,604650593.6553664,-0.008687973,-0.0011482781004827735
423,557000000.0,604175323.2831168,-0.02832222,-0.0007863338965186399
424,578000000.0,601556425.3864433,0.037010193,-0.004344087344498818
425,593000000.0,600320619.0506767,0.025619507,-0.0020564612278905882
426,608000000.0,611284242.2042111,0.024980545,0.018098181607584102
427,614000000.0,618223622.5175676,0.009820938,0.01128818155414378
428,614000000.0,618008168.0466981,0.0,-0.0003485664657640027
429,629000000.0,635588957.1884385,0.02413559,0.028050386399038684
430,639000000.0,633735010.5646601,0.015773773,-0.002921158016726646
431,634000000.0,639711125.1521564,-0.007856369,0.00938580485053422
432,649000000.0,644459972.3375901,0.023384094,0.0073960064073787584
433,644000000.0,636876702.1449703,-0.0077342987,-0.011836637289627578
434,644000000.0,644223626.1269283,0.0,0.011469834742295083
435,654000000.0,641280172.4806237,0.01540947,-0.004579463387881983
436,660000000.0,642396151.24959,0.009132385,0.0017387234297090467
437,675000000.0,631902703.3221468,0.022472382,-0.01646973955348012
438,690000000.0,638372301.0421395,0.021978378,0.010186225246791527
439,695000000.0,638869427.2614403,0.007221222,0.0007784372110412076
440,690000000.0,643447526.6786239,-0.007221222,0.007140385774894589
441,706000000.0,645872736.4566474,0.022924423,0.003762001897633887
442,690000000.0,644708501.8861853,-0.022924423,-0.0018042024038253859
443,690000000.0,651243676.421926,0.0,0.010085603529516457
444,680000000.0,649599625.84932,-0.014598846,-0.0025276702352565244
445,675000000.0,646449611.5714523,-0.007379532,-0.004860958040068817
446,649000000.0,660621286.7635821,-0.039279938,0.021685480979282547
447,634000000.0,669429453.1575743,-0.023384094,0.013245051332712577
448,639000000.0,671914471.4472024,0.007856369,0.0037052706425534246
449,644000000.0,686181121.4179472,0.0077934265,0.021010560477003302
450,654000000.0,695604359.4918846,0.01540947,0.013639431432207104
451,660000000.0,695502579.4141781,0.009132385,-0.0001463296243352282
452,665000000.0,695562678.4015111,0.0075473785,8.640714306289848e-05
453,644000000.0,709160607.5613551,-0.032089233,0.019360900544787854
454,634000000.0,706122655.1566277,-0.015649796,-0.004293072843666111
455,644000000.0,707388807.0674642,0.015649796,0.0017914990904752655
456,634000000.0,714510440.687831,-0.015649796,0.01001715583190622
457,634000000.0,704892513.1374478,0.0,-0.013552282288666739
458,634000000.0,706243943.6266838,0.0,0.0019153794743547278
459,624000000.0,706554666.669134,-0.01589775,0.0004398688464097274
460,629000000.0,704334898.4391316,0.007980347,-0.003146624819456485
461,634000000.0,706979499.6502844,0.007917404,0.003747718169818526
462,644000000.0,710733647.6787469,0.015649796,0.0052960739065589435
463,649000000.0,700987949.566307,0.0077342987,-0.013807046592169418
464,654000000.0,699632311.4928148,0.007675171,-0.0019357687940172227
465,654000000.0,702249076.423234,0.0,0.003733223070255244
466,644000000.0,706973256.7036903,-0.01540947,0.006704687921132525
467,649000000.0,704884989.4315517,0.0077342987,-0.0029581847904361098
468,649000000.0,705261486.1419911,0.0,0.0005339824279377132
469,639000000.0,706396362.1619409,-0.015527725,0.0016078630750421628
470,634000000.0,699817130.7041645,-0.007856369,-0.009357440386496987
471,639000000.0,704223410.964795,0.007856369,0.006276591872563558
472,619000000.0,712798422.857341,-0.031799316,0.01210301261703734
473,634000000.0,706453155.0956278,0.023942947,-0.00894176922307628
474,639000000.0,713927732.2731673,0.007856369,0.010524847584144492
475,644000000.0,712758256.8089403,0.0077934265,-0.0016394297485392536
476,670000000.0,713583803.6811802,0.03957939,0.0011575722083646623
477,680000000.0,704792179.4559776,0.014814377,-0.012396905930781878
478,690000000.0,703441346.0609813,0.014598846,-0.0019184798328369295
479,680000000.0,703742301.4035871,-0.014598846,0.0004277413935800723
480,675000000.0,714168979.6605669,-0.007379532,0.014707360526758896
481,675000000.0,712859612.9073273,0.0,-0.001835095845321228
482,660000000.0,713622851.9904575,-0.022472382,0.0010700995977778844
483,644000000.0,715595369.0589081,-0.024541855,0.0027602759212049964
484,644000000.0,715892072.1831431,0.0,0.00041453822078405585
485,639000000.0,718682044.5997971,-0.0077934265,0.0038896225737105293
486,634000000.0,721334510.584436,-0.007856369,0.0036839423476105176
487,634000000.0,729595708.9476604,0.0,0.011387574020668766
488,629000000.0,732442763.7640418,-0.007917404,0.0038946422659231566
489,624000000.0,727711707.431114,-0.007980347,-0.006480236142634878
490,614000000.0,730640105.8189055,-0.016155243,0.004016043724290934
491,619000000.0,735196260.0527945,0.008110046,0.00621647683536109
492,608000000.0,737630689.3476051,-0.017930984,0.003305794360717133
493,619000000.0,748638858.017253,0.017930984,0.014813423297081612
494,608000000.0,750952537.5976442,-0.017930984,0.003085749122101851
495,603000000.0,750168551.678547,-0.008256912,-0.0010445339766093705
496,598000000.0,754384767.5388045,-0.008327484,0.005604622771388518
497,588000000.0,749134411.6911246,-0.01686287,-0.006984117345449471
498,593000000.0,746483720.2424805,0.008466721,-0.0035446136515526958
499,583000000.0,744304772.3814089,-0.01700592,-0.0029232173758793716
500,583000000.0,758277247.0161651,0.0,0.01859848875208104
501,593000000.0,758597075.7582035,0.01700592,0.0004216944567842513
502,588000000.0,764424301.7331742,-0.008466721,0.007652229307194317
503,593000000.0,787199240.2217913,0.008466721,0.029358376805108843
504,578000000.0,790372145.6242864,-0.025619507,0.004022524380550938
505,573000000.0,797108311.3296344,-0.008687973,0.008486663386567686
506,573000000.0,793096626.1469294,0.0,-0.005045505266215165
507,557000000.0,807942759.6135367,-0.02832222,0.018546150876147357
508,557000000.0,820492295.7087972,0.0,0.015413306785221249
509,552000000.0,807240023.7992204,-0.009016037,-0.01628346942671709
510,557000000.0,802501174.9848688,0.009016037,-0.005887732149028156
511,562000000.0,806776398.73557,0.008937836,0.005313233562855948
512,573000000.0,805645719.2913231,0.019384384,-0.0014024610763327988
513,583000000.0,803079660.7460854,0.01730156,-0.003190178700927377
514,583000000.0,801719288.5003217,0.0,-0.0016953806858459172
515,573000000.0,802251519.9784366,-0.01730156,0.0006636423740808371
516,583000000.0,807142131.809179,0.01730156,0.006077601808745135
517,588000000.0,809940145.9227972,0.0085392,0.003460574572447633
518,583000000.0,809165555.6988801,-0.0085392,-0.000956812494990807
519,583000000.0,808194558.4834313,0.0,-0.0012007187806765997
520,568000000.0,816771051.1006978,-0.026065826,0.010556004638949354
521,583000000.0,816193868.0090731,0.026065826,-0.0007069142868982507
522,588000000.0,822179866.0817686,0.0085392,0.0073072762141558785
523,588000000.0,833628887.2381709,0.0,0.013829137691072102
524,598000000.0,837260580.0182794,0.01686287,0.004347024228912713
525,588000000.0,840117421.2816669,-0.01686287,0.0034063210838676783
526,598000000.0,847154532.030866,0.01686287,0.008341455020066257
527,608000000.0,849841797.6006048,0.016584396,0.003167087363740645
528,619000000.0,844532031.6184174,0.017930984,-0.006267546479049662
529,634000000.0,843002035.5147583,0.023942947,-0.0018132926056767668
530,639000000.0,848013004.5158257,0.007856369,0.00592659858106416
531,644000000.0,847460763.998147,0.0077934265,-0.0006514291727318685
532,649000000.0,852582924.8418968,0.0077342987,0.0060259349532916845
533,649000000.0,838367294.3717366,0.0,-0.016814173738631092
534,660000000.0,839570791.2644941,0.016807556,0.0014344952408413794
535,660000000.0,839145469.9104533,0.0,-0.0005067221578517662
536,665000000.0,842332882.3881756,0.0075473785,0.0037912070543790924
537,675000000.0,845304744.1761732,0.014925003,0.0035219229686760294
538,680000000.0,840433861.1414152,0.007379532,-0.005778946480960346
539,695000000.0,840178945.0556685,0.021820068,-0.0003033608773659285
540,701000000.0,828145684.4076583,0.00859642,-0.014425812717320925
541,706000000.0,836354493.4440323,0.007106781,0.009863472166722384
542,701000000.0,843846937.6964254,-0.007106781,0.008918566281872948
543,690000000.0,824597230.853998,-0.015817642,-0.023076062610830967
544,706000000.0,832727515.0164542,0.022924423,0.009811413730039208
545,706000000.0,831851321.0297984,0.0,-0.0010527516613871909
546,726000000.0,834137123.7169702,0.027935028,0.0027440816035865117
547,731000000.0,842079233.0448612,0.0068626404,0.009476305047914232
548,736000000.0,837563363.3261608,0.006816864,-0.005377192278301036
549,747000000.0,838453925.0830392,0.014835358,0.0010627119980808613
550,741000000.0,849757072.0334767,-0.00806427,0.013390880490487174
551,741000000.0,850365002.2196462,0.0,0.0007151606596803718
552,762000000.0,847916376.3220203,0.027946472,-0.0028836535869181893
553,767000000.0,855258477.382246,0.0065402985,0.008621717875715678
554,757000000.0,861827449.1648506,-0.013124466,0.007651339665988139
555,777000000.0,863752205.7684861,0.02607727,0.002230853147090419
556,762000000.0,839570310.6673814,-0.019493103,-0.028395702751370818
557,767000000.0,843557181.3644356,0.0065402985,0.00473746424148816
558,772000000.0,850495353.0559508,0.0064964294,0.008191257761534669
559,767000000.0,875097315.3094412,-0.0064964294,0.028516149627932728
560,772000000.0,860193452.7565093,0.0064964294,-0.01717778865299614
561,767000000.0,864298353.9727533,-0.0064964294,0.004760717277007365
562,757000000.0,867893232.1991891,-0.013124466,0.004150676421956686
563,752000000.0,854465399.9875956,-0.006626129,-0.0155926925100584
564,741000000.0,853242715.4161167,-0.014736176,-0.0014319599109224295
565,747000000.0,855750168.6774715,0.00806427,0.0029344242260659283
566,752000000.0,850732916.3026856,0.0066719055,-0.005880242090689859
567,762000000.0,867085183.1918545,0.013210297,0.019038990033640887
568,767000000.0,860913468.3130741,0.0065402985,-0.007143224465327686
569,772000000.0,857715341.5642952,0.0064964294,-0.0037217232969621187
570,782000000.0,859161005.822294,0.012870789,0.0016840637380383192
571,793000000.0,861996572.1084672,0.013967514,0.003294955543813385
572,818000000.0,862288779.7473735,0.031040192,0.0003389318843152202
573,823000000.0,866842189.9441452,0.006093979,0.0052667158265062
574,844000000.0,867228688.73639,0.025196075,0.0004457704738577281
575,854000000.0,865705278.7368048,0.011777878,-0.0017581863136316945
576,854000000.0,887218877.7567314,0.0,0.024547187859604414
577,864000000.0,891664432.9128819,0.011642456,0.004998151800299775
578,869000000.0,883167331.8842863,0.0057697296,-0.009575179031336476
579,874000000.0,886585029.1748985,0.0057373047,0.0038623500264878055
580,879000000.0,883703289.7789103,0.0057048798,-0.0032556752598213116
581,885000000.0,888255255.7258779,0.0068035126,0.005137790578292422
582,885000000.0,891538752.1098522,0.0,0.0036897529654759966
583,900000000.0,879331775.6191527,0.016805649,-0.013786631657717752
584,915000000.0,876691304.1964506,0.016529083,-0.0030073333808647764
585,931000000.0,876410014.1104058,0.017335892,-0.00032090568357114957
586,941000000.0,876119824.1207175,0.010684967,-0.00033116696333549247
587,941000000.0,882779507.7007557,0.0,0.007572594160485647
588,961000000.0,888798417.3404899,0.021030426,0.006794996385298397
589,992000000.0,887693679.1406082,0.031747818,-0.001243730095370601
590,987000000.0,898224186.2331426,-0.0050525665,0.011792960179927429
591,997000000.0,895513154.4922534,0.0100803375,-0.003022776795246246
592,1000000000.0,898325931.038932,0.0030059814,0.0031360436670331664
593,1010000000.0,915411598.5990057,0.0099487305,0.018840844054565233
594,1020000000.0,918767454.7545344,0.009853363,0.0036592500541326655
595,1020000000.0,926249995.3513756,0.0,0.00811112287267553
596,1030000000.0,936664236.4840739,0.009756088,0.011180707563788686
597,1030000000.0,940939871.3141419,0.0,0.00455435967871048
598,1030000000.0,933933524.5038646,0.0,-0.007473976046174514
599,1030000000.0,915601066.6577684,0.0,-0.019824509727856654
600,1040000000.0,902989154.1949004,0.009662628,-0.01387021057351362
601,1060000000.0,911055665.6716007,0.019046783,0.008893456827224033
602,1060000000.0,911630592.6624465,0.0,0.0006308567997224534
603,1080000000.0,918447878.3635412,0.018692017,0.0074503004575003536
604,1130000000.0,918950399.3943132,0.04525757,0.0005469919607370877
605,1150000000.0,921748592.3673296,0.017543793,0.003040361450770266
606,1190000000.0,923602866.631937,0.03419113,0.0020096712522121845
607,1210000000.0,931825865.2697073,0.01666832,0.008863776154827016
608,1190000000.0,907123956.0210623,-0.01666832,-0.026866850657426382
609,1190000000.0,920893891.2713213,0.0,0.015065712540013362
610,1210000000.0,921267149.0768206,0.01666832,0.0004052390669784687
611,1240000000.0,921623233.8395144,0.024490356,0.00038644161413637626
612,1260000000.0,922925225.6561736,0.016000748,0.0014117189778216793
613,1260000000.0,908583393.524792,0.0,-0.015661542765036982
614,1270000000.0,911309151.2467707,0.007904053,0.0029955172551512695
615,1260000000.0,914792600.6447378,-0.007904053,0.0038151801997503842
616,1250000000.0,916477725.1392365,-0.007968903,0.0018403890964701058
617,1260000000.0,920462154.0779725,0.007968903,0.004338122583647842
618,1260000000.0,919265350.843739,0.0,-0.0013010659457544276
619,1270000000.0,943581374.1230887,0.007904053,0.02610778881759803
620,1280000000.0,960078451.741735,0.007843018,0.017332393514411855
621,1280000000.0,956775528.9974517,0.0,-0.0034461946985371436
622,1290000000.0,956472271.6490345,0.0077819824,-0.00031700791800894296
623,1290000000.0,974052509.2013565,0.0,0.018213414003045356
624,1300000000.0,989353145.4246125,0.0077228546,0.015586128043634198
625,1300000000.0,995236117.8157828,0.0,0.005928672226460969
626,1290000000.0,1007688655.9412762,-0.0077228546,0.012434514502229429
627,1290000000.0,1008992580.3453625,0.0,0.0012931390071231697
628,1280000000.0,1012102228.0705023,-0.0077819824,0.003077193772399136
629,1270000000.0,998084276.7536017,-0.007843018,-0.013947142234569339
630,1270000000.0,1001123642.9720944,0.0,0.003040572748938741
631,1280000000.0,1004049827.5669503,0.007843018,0.0029186369309791536
632,1280000000.0,996487113.3754144,0.0,-0.007560720387896146
633,1250000000.0,999000796.8538179,-0.023715973,0.0025193686166592936
634,1270000000.0,1007503619.072964,0.015872955,0.008475309646656947
635,1250000000.0,1005006785.3030187,-0.015872955,-0.002481313930684124
636,1280000000.0,1006617070.1459557,0.023715973,0.0016009804044862413
637,1280000000.0,1017709551.9975889,0.0,0.01095929160140491
638,1280000000.0,1029679511.8959123,0.0,0.011693035284704284
639,1280000000.0,1045893644.0728776,0.0,0.015624081442348585
640,1260000000.0,1040677657.0608851,-0.01574707,-0.004999587480188293
641,1260000000.0,1051272870.109025,0.0,0.010129592939303095
642,1250000000.0,1054577761.4174244,-0.007968903,0.0031387734459483144
643,1270000000.0,1037243834.5858996,0.015872955,-0.01657342445847009
644,1250000000.0,1054948127.229375,-0.015872955,0.016924561003180603
645,1240000000.0,1059008049.2912565,-0.008031845,0.003841070215728548
646,1240000000.0,1065873168.9428362,0.0,0.0064616727555259325
647,1220000000.0,1081894871.568638,-0.016260147,0.014919674304341282
648,1250000000.0,1083304914.8769734,0.024291992,0.0013024604163505667
649,1260000000.0,1077690671.2305548,0.007968903,-0.005195990508972387
650,1250000000.0,1081058510.03132,-0.007968903,0.003120178631496995
651,1240000000.0,1079165198.3577461,-0.008031845,-0.0017528852692466484
652,1240000000.0,1079049177.324993,0.0,-0.00010751576318888912
653,1250000000.0,1075752424.9399931,0.008031845,-0.0030599150788172104
654,1240000000.0,1075148567.3194919,-0.008031845,-0.0005614927312226712
655,1250000000.0,1078751598.2463882,0.008031845,0.0033455907987010778
656,1240000000.0,1076042382.8469117,-0.008031845,-0.002514594760170393
657,1260000000.0,1079905219.0590062,0.016000748,0.00358342692764881
658,1260000000.0,1072543080.9623088,0.0,-0.00684073741171469
659,1270000000.0,1061478296.637156,0.007904053,-0.010369983728243694
660,1260000000.0,1062020768.521853,-0.007904053,0.0005109226609969143
661,1250000000.0,1063659019.4063125,-0.007968903,0.0015413903995534805
662,1250000000.0,1069290156.5428449,0.0,0.005280154148109105
663,1230000000.0,1084911403.8592253,-0.01612854,0.014503305006017542
664,1210000000.0,1086121028.539385,-0.016393661,0.0011143314003773824
665,1210000000.0,1094266208.7829077,0.0,0.007471350036775358
666,1200000000.0,1104124288.855167,-0.008298874,0.00896851233664479
667,1230000000.0,1122844078.203891,0.024692535,0.016812300127788053
668,1230000000.0,1139345523.4590292,0.0,0.01458917318695871
669,1230000000.0,1151282803.6129026,0.0,0.010422806772882775
670,1250000000.0,1164143820.0609505,0.01612854,0.01110909633955416
671,1250000000.0,1164290088.5400093,0.0,0.00012563678849664443
672,1280000000.0,1156990228.5823028,0.023715973,-0.00628953252045098
673,1270000000.0,1153717068.2816823,-0.007843018,-0.002833039471760092
674,1250000000.0,1148555654.7810898,-0.015872955,-0.00448376258470751
675,1250000000.0,1147680046.4250689,0.0,-0.0007626467944946052
676,1240000000.0,1154635559.6271186,-0.008031845,0.006042207545222739
677,1240000000.0,1168454298.6881006,0.0,0.011897001746709476
678,1240000000.0,1171500438.9339635,0.0,0.0026035905033730497
679,1240000000.0,1188471403.9705076,0.0,0.014382593280751614
680,1240000000.0,1191262831.1900287,0.0,0.002346000203338662
681,1240000000.0,1191247545.9786897,0.0,-1.2831181334023358e-05
682,1270000000.0,1193365195.343376,0.0239048,0.001776095451198569
683,1290000000.0,1196148825.5994916,0.015625,0.00232987251041046
684,1310000000.0,1197068838.1593556,0.015386581,0.0007688499204342636
685,1310000000.0,1203818710.2796733,0.0,0.0056228288646626955
686,1320000000.0,1209083667.042137,0.007604599,0.0043640100550172934
687,1320000000.0,1194385788.487426,0.0,-0.012230704028204031
688,1320000000.0,1215773972.922178,0.0,0.017748820016704123
689,1320000000.0,1216675098.7833676,0.0,0.0007409206736518356
690,1340000000.0,1216182536.375166,0.015037537,-0.0004049249802489407
691,1360000000.0,1218619609.0928016,0.014814377,0.0020018657664203107
692,1380000000.0,1218086241.112076,0.014598846,-0.0004377779034763071
693,1400000000.0,1224121075.1817265,0.014389038,0.004942124538387809
694,1400000000.0,1228165732.5289311,0.0,0.0032986851310304872
695,1430000000.0,1229830846.1298065,0.021202087,0.00135485449413911
696,1440000000.0,1239220487.7453763,0.006969452,0.007605906570229835
697,1460000000.0,1236669443.1945903,0.013792038,-0.0020607099060952977
698,1470000000.0,1246930341.895709,0.0068264008,0.008262971469350998
699,1480000000.0,1237474315.2534797,0.0067806244,-0.007612344694299883
700,1510000000.0,1255769652.3781574,0.020067215,0.014676193543895124
701,1520000000.0,1246661030.9989371,0.0065994263,-0.007279851279460145
702,1540000000.0,1248394496.5109282,0.0130729675,0.0013895208116902636
703,1540000000.0,1270853847.698817,0.0,0.017830672615944315
704,1530000000.0,1269688774.5203106,-0.006515503,-0.000917184580957733
705,1510000000.0,1263646955.6919727,-0.013156891,-0.004769861500275555
706,1510000000.0,1262047652.7979627,0.0,-0.0012664263544658423
707,1510000000.0,1274816969.8826604,0.0,0.010067092121498816
708,1530000000.0,1248759159.3125398,0.013156891,-0.02065222953391641
709,1540000000.0,1248018477.5568905,0.006515503,-0.0005933101662229986
710,1550000000.0,1234648495.2056818,0.006471634,-0.010770765270786216
711,1530000000.0,1248001266.7311924,-0.012987137,0.010756974654154615
712,1560000000.0,1256127541.8328245,0.019418716,0.006490323980109638
713,1560000000.0,1214887522.6244316,0.0,-0.03338211040018119
714,1570000000.0,1230700093.7436552,0.006389618,0.012931690831539125
715,1600000000.0,1234540058.3630834,0.018928528,0.003115288968278192
716,1580000000.0,1239622565.2387462,-0.012578964,0.004108472075663774
717,1590000000.0,1257292252.7163851,0.0063095093,0.014153452345178974
718,1610000000.0,1257766808.5168753,0.012498856,0.0003773715006828073
719,1630000000.0,1259583693.6774018,0.012346268,0.0014434902683813642
720,1670000000.0,1259038149.060179,0.024244308,-0.00043320884183652804
721,1670000000.0,1262160359.595987,0.0,0.002476768188748684
722,1680000000.0,1264862731.4206288,0.005970001,0.0021387797083349245
723,1670000000.0,1280637622.035129,-0.005970001,0.012394492534237038
724,1690000000.0,1274583574.0460436,0.011903763,-0.004738579443975985
725,1700000000.0,1278719648.0823524,0.0059013367,0.0032397857161837566
726,1720000000.0,1283733127.6077864,0.011695862,0.003913036735844757
727,1730000000.0,1294258496.529466,0.0057964325,0.008165602484085072
728,1700000000.0,1304862820.0388944,-0.017492294,0.008159974898188309
729,1710000000.0,1300098741.774604,0.005865097,-0.0036576997108761083
730,1730000000.0,1310427704.0171816,0.011627197,0.007913358748164944
731,1730000000.0,1308847724.0979638,0.0,-0.0012064253296088772
732,1790000000.0,1310423464.6542346,0.034093857,0.0012031902256878005
733,1800000000.0,1323628789.7717946,0.0055713654,0.010026707502211955
734,1780000000.0,1317570008.2521677,-0.011173248,-0.004587910725785655
735,1820000000.0,1317182914.4698362,0.022222519,-0.00029383687690509716
736,1820000000.0,1323064948.7255278,0.0,0.00445567559700564
737,1820000000.0,1301213478.9296377,0.0,-0.016653701526236304
738,1830000000.0,1309342203.2448847,0.0054798126,0.006227601764719554
739,1830000000.0,1308929283.275463,0.0,-0.00031541417684930687
740,1830000000.0,1303656722.0574026,0.0,-0.004036283104549727
741,1850000000.0,1309347978.7084217,0.01086998,0.004356108237363899
742,1880000000.0,1312891270.943308,0.016086578,0.0027024951227360198
743,1900000000.0,1287302721.9025807,0.01058197,-0.019682666143465595
744,1920000000.0,1286126480.1303837,0.010471344,-0.0009141435507010131
745,1920000000.0,1288157714.784946,0.0,0.0015780969949800256
746,1940000000.0,1304801275.0704882,0.010362625,0.012837679986418871
747,1940000000.0,1289525392.3275352,0.0,-0.011776511786836318
748,1910000000.0,1289823243.0009346,-0.015584946,0.00023095030321988036
749,1900000000.0,1297744807.9240606,-0.0052490234,0.0061228068322713505
750,1910000000.0,1288944199.1084087,0.0052490234,-0.006804561931406255
751,1900000000.0,1296688622.5099454,-0.0052490234,0.0059903683891293046
752,1920000000.0,1300471934.9587574,0.010471344,0.0029134241346831704
753,1900000000.0,1283271070.0628066,-0.010471344,-0.013314883860097538
754,1910000000.0,1276584496.7804039,0.0052490234,-0.005224192002552075
755,1920000000.0,1281453029.3668063,0.0052223206,0.003806463677762425
756,1920000000.0,1265348593.1013744,0.0,-0.012646961408879706
757,1940000000.0,1264778916.6544142,0.010362625,-0.00045031442438245
758,1930000000.0,1262255635.6981168,-0.005168915,-0.001997029912035081
759,1940000000.0,1276960992.5883608,0.005168915,0.01158272290067726
760,1920000000.0,1295068030.2300994,-0.010362625,0.014080196316891754
761,1930000000.0,1290920150.9936829,0.0051937103,-0.003207967324604233
762,1940000000.0,1296429977.8568478,0.005168915,0.0042590564999663
763,1920000000.0,1304037948.7989852,-0.010362625,0.005851248977451623
764,1920000000.0,1309239557.0954947,0.0,0.003980912975543339
765,1920000000.0,1306955873.0774012,0.0,-0.0017458058154073202
766,1910000000.0,1309325719.1705575,-0.0052223206,0.0018116144289056432
767,1900000000.0,1298820316.6023462,-0.0052490234,-0.008055882790585812
768,1920000000.0,1305386078.9077,0.010471344,0.005042439207992751
769,1900000000.0,1319502524.6293998,-0.010471344,0.010755947355014612
